时间,地点,类型,演唱歌曲1,2,3,4,5,6,7,8,9,10,11,12,13,14,15,16,17,18,19,20,21,22,23,24,25,26,27,28,29,30,31,32,
20131115,中南财大,文澜小剧场演出,安河桥,时光机,南方姑娘,一个人的北京,,,,,,,,,,,,,,,,,,,,,,,,,,,,,,
20131122,中南财大,浮光咖啡厅演出,董小姐,安河桥,南山南,时光机,一个人的北京,斑马斑马,香格里拉,南方姑娘,December Night,儿歌,宝贝,一个人的北京,知足,表面的和平,鸽子,,,,,,,,,,,,,,,,,,,
20131211,中南财大,吉他协会晚会,关于郑州的记忆,连衣裙,米店,梦醒了,,,,,,,,,,,,,,,,,,,,,,,,,,,,,,
20131220,中南财大,中南微声音决赛,南方姑娘,孤鸟的歌,冬,,,,,,,,,,,,,,,,,,,,,,,,,,,,,,,
20131221,中南财大,研究生歌手大赛嘉宾,南方姑娘,,,,,,,,,,,,,,,,,,,,,,,,,,,,,,,,,
20131225,中南财大,浮光咖啡圣诞专场,这一切没有想象的那么糟,梦一场,连衣裙,听不到,鸟语,孤鸟的歌,好久不见,风从海面吹过来,冬,问,我到外地去看你,笑忘歌,,,,,,,,,,,,,,,,,,,,,,
20140410,中南财大,外语演讲比赛嘉宾,,,,,,,,,,,,,,,,,,,,,,,,,,,,,,,,,,
20140514,中南财大,社团巡礼闭幕式,爱的箴言,,,,,,,,,,,,,,,,,,,,,,,,,,,,,,,,,
20140519,中南财大,十佳歌手大赛,鸽子,,,,,,,,,,,,,,,,,,,,,,,,,,,,,,,,,
20140522,中南财大,公共管理学院晚会,南山南,,,,,,,,,,,,,,,,,,,,,,,,,,,,,,,,,
20140615,中南财大,小黑出国前演出,,,,,,,,,,,,,,,,,,,,,,,,,,,,,,,,,,
20150922,中南财大,迎新晚会,南方姑娘,少年锦时,,,,,,,,,,,,,,,,,,,,,,,,,,,,,,,,
20160428,中南财大,财税学院毕晚,借我,,,,,,,,,,,,,,,,,,,,,,,,,,,,,,,,,
20160611,中南财大,182校园演唱会,荒岛,你是我最愚蠢的一次浪漫,南方姑娘,,,,,,,,,,,,,,,,,,,,,,,,,,,,,,,
20160619,中南财大,毕业演出,唱不了一首欢乐的歌,荒岛,远乡（愿你有故乡）,一颗会开花的树,秋酿,于是我不再唱歌,你是我最愚蠢的一次浪漫,所以来吧,七里香,美好事物,成都,关于郑州的记忆,二十岁的某一天,少年锦时,小幸运,简情歌,不再让你孤单,斑马斑马,一个人的北京,当,,,,,,,,,,,,,,
20160812,成都,小酒馆演出,所以来吧,秋酿,简情歌,野百合也有春天,宠爱+倔强+他夏了夏天+青春修炼手册,成都,少年锦时,美好事物,爱你就像爱生命,连衣裙,斑马斑马,,,,,,,,,,,,,,,,,,,,,,,
20160813,重庆,苔藓校园音乐会,小幸运,秋酿,美好事物,简情歌,宠爱+倔强+他夏了夏天+星晴,少年锦时,野百合也有春天,不再让你孤单,,,,,,,,,,,,,,,,,,,,,,,,,,
20161117,中南财大,新生征文大赛晚会,沙南街一号,秋酿,,,,,,,,,,,,,,,,,,,,,,,,,,,,,,,,
20161120,中南财大,公管学院舞蹈大赛,秋,秋酿,,,,,,,,,,,,,,,,,,,,,,,,,,,,,,,,
20161125,成都,音乐分享会,,,,,,,,,,,,,,,,,,,,,,,,,,,,,,,,,,
20161126,成都,音乐会,往往,秋酿,八月十五,爱你就像爱生命,恋爱的犀牛,所以来吧,短叹,笑忘歌,美好事物,,,,,,,,,,,,,,,,,,,,,,,,,
20161203,武汉,一专知寒预演,往往,秋酿,简情歌,所以来吧,八月十五,爱你就像爱生命,你是我最愚蠢的一次浪漫,不知归期的故人,短叹,倔强+宠爱+他夏了夏天+青春修炼手册,成都,美好事物,斑马斑马,,,,,,,,,,,,,,,,,,,,,
20161208,中南财大,法学院新生才艺大赛,爱你就像爱生命,八月十五,,,,,,,,,,,,,,,,,,,,,,,,,,,,,,,,
20161218,中南财大,吉他协会晚会,爱你就像爱生命,短叹,修炼爱情,,,,,,,,,,,,,,,,,,,,,,,,,,,,,,,
20161225,北京,试音间圣诞趴,八月十五,,,,,,,,,,,,,,,,,,,,,,,,,,,,,,,,,
20161230,北京,一专知寒预演,往往,你是我最愚蠢的一次浪漫,所以来吧,蜗牛的家,秋酿,恋爱的犀牛,沙南街一号,爱你就像爱生命,简情歌,短叹,宠爱+他夏了夏天+笑忘歌,我到外地去看你,一个人的北京,美好事物,斑马斑马,,,,,,,,,,,,,,,,,,,
20170102,长沙,音乐节,往往,秋酿,八月十五,爱你就像爱生命,短叹,美好事物,,,,,,,,,,,,,,,,,,,,,,,,,,,,
20170108,深圳,嘉年华,秋酿,,,,,,,,,,,,,,,,,,,,,,,,,,,,,,,,,
20170114,武汉,音乐节,往往,所以来吧,爱你就像爱生命,秋酿,短叹,不知归期的故人,美好事物,,,,,,,,,,,,,,,,,,,,,,,,,,,
20170225,武汉,民谣地图演唱会嘉宾,美好事物,爱你就像爱生命,秋酿,,,,,,,,,,,,,,,,,,,,,,,,,,,,,,,
20170315,南宁,一专春酒巡演,往往,你是我最愚蠢的一次浪漫,所以来吧,秋酿,简情歌,八月十五,爱你就像爱生命,不知归期的故人,房东的猫,美好事物,南方姑娘,斑马斑马,,,,,,,,,,,,,,,,,,,,,,
20170317,广州,一专春酒巡演,往往,所以来吧,等我们老了，就定居在重庆,秋酿,狮子座,爱你就像爱生命,短叹,八月十五,房东的猫,简情歌,南方姑娘,美好事物,斑马斑马,,,,,,,,,,,,,,,,,,,,,
20170318,深圳,一专春酒巡演,往往,你是我最愚蠢的一次浪漫,秋酿,短叹,房东的猫,美好事物,南方姑娘,,,,,,,,,,,,,,,,,,,,,,,,,,,
20170319,厦门,一专春酒巡演,往往,你是我最愚蠢的一次浪漫,所以来吧,麻雀（未发行）,等我们老了，就定居在重庆,不知归期的故人,狮子座,爱你就像爱生命,八月十五,简情歌,房东的猫,美好事物,秋酿,斑马斑马,,,,,,,,,,,,,,,,,,,,
20170322,福州,一专春酒巡演,,,,,,,,,,,,,,,,,,,,,,,,,,,,,,,,,,
20170324,苏州,一专春酒巡演,往往,你是我最愚蠢的一次浪漫,所以来吧,秋酿,不知归期的故人,爱你就像爱生命,短叹,八月十五,房东的猫,美好事物,斑马斑马,仓颉,儿歌（张悬）,独一,,,,,,,,,,,,,,,,,,,,
20170326,杭州,一专春酒巡演,往往,你是我最愚蠢的一次浪漫,秋酿,爱你就像爱生命,简情歌,房东的猫,美好事物,仓颉,独一,,,,,,,,,,,,,,,,,,,,,,,,,
20170329,台州,一专春酒巡演,,,,,,,,,,,,,,,,,,,,,,,,,,,,,,,,,,
20170331,宁波,一专春酒巡演,,,,,,,,,,,,,,,,,,,,,,,,,,,,,,,,,,
20170401,无锡,一专春酒巡演,往往,你是我最愚蠢的一次浪漫,所以来吧,等我们老了，就定居在重庆,不知归期的故人,爱你就像爱生命,短叹,秋酿,房东的猫,美好事物,成都,,,,,,,,,,,,,,,,,,,,,,,
20170414,武汉,荣耀制噪者音乐会,秋酿,美好事物,,,,,,,,,,,,,,,,,,,,,,,,,,,,,,,,
20170420,武汉,音乐分享会,美好事物,秋酿,,,,,,,,,,,,,,,,,,,,,,,,,,,,,,,,
20170421,中南财大,文澜论坛闭幕式,秋酿,,,,,,,,,,,,,,,,,,,,,,,,,,,,,,,,,
20170422,中南财大,社团巡礼节,所以来吧,美好事物,,,,,,,,,,,,,,,,,,,,,,,,,,,,,,,,
20170503,珠海,一专热夏巡演,,,,,,,,,,,,,,,,,,,,,,,,,,,,,,,,,,
20170505,上海,一专热夏巡演,往往,所以来吧,你是我最愚蠢的一次浪漫,爱你就像爱生命,等我们老了，就定居在重庆,秋酿,不知归期的故人,房东的猫,简情歌,短叹,难得,独一,美好事物,斑马斑马,,,,,,,,,,,,,,,,,,,,
20170507,南京,一专热夏巡演,往往,所以来吧,你是我最愚蠢的一次浪漫,等我们老了，就定居在重庆,不知归期的故人,秋酿,简情歌,爱你就像爱生命,房东的猫,短叹,八月十五,美好事物,独一,恋爱的犀牛,仓颉,,,,,,,,,,,,,,,,,,,
20170512,合肥,一专热夏巡演,往往,所以来吧,不知归期的故人,你是我最愚蠢的一次浪漫,短叹,秋酿,爱你就像爱生命,八月十五,等我们老了，就定居在重庆,房东的猫,独一,美好事物,斑马斑马,,,,,,,,,,,,,,,,,,,,,
20170513,青岛,一专热夏巡演,,,,,,,,,,,,,,,,,,,,,,,,,,,,,,,,,,
20170516,大连,一专热夏巡演,,,,,,,,,,,,,,,,,,,,,,,,,,,,,,,,,,
20170517,大连,音乐分享会,,,,,,,,,,,,,,,,,,,,,,,,,,,,,,,,,,
20170519,沈阳,一专热夏巡演,往往,你是我最愚蠢的一次浪漫,所以来吧,等我们老了，就定居在重庆,八月十五,不知归期的故人,秋酿,简情歌,房东的猫,美好事物,斑马斑马,,,,,,,,,,,,,,,,,,,,,,,
20170520,长春,一专热夏巡演,往往,你是我最愚蠢的一次浪漫,所以来吧,等我们老了，就定居在重庆,八月十五,不知归期的故人,秋酿,爱你就像爱生命,短叹,房东的猫,简情歌,仓颉,美好事物,斑马斑马,,,,,,,,,,,,,,,,,,,,
20170521,哈尔滨,一专热夏巡演,,,,,,,,,,,,,,,,,,,,,,,,,,,,,,,,,,
20170522,哈尔滨,哈工大分享会,秋酿,,,,,,,,,,,,,,,,,,,,,,,,,,,,,,,,,
20170526,天津,一专热夏巡演,,,,,,,,,,,,,,,,,,,,,,,,,,,,,,,,,,
20170527,北京,一专热夏巡演,往往,你是我最愚蠢的一次浪漫,所以来吧,等我们老了，就定居在重庆,不知归期的故人,八月十五,爱你就像爱生命,简情歌,短叹,秋酿,恋爱的犀牛,房东的猫,美好事物,斑马斑马,,,,,,,,,,,,,,,,,,,,
20170603,昆明,一专热夏巡演,,,,,,,,,,,,,,,,,,,,,,,,,,,,,,,,,,
20170609,重庆,一专热夏巡演,,,,,,,,,,,,,,,,,,,,,,,,,,,,,,,,,,
20170610,成都,一专热夏巡演,,,简情歌,爱你就像爱生命,短叹,独一,美好事物,恋爱的犀牛,斑马斑马,,,,,,,,,,,,,,,,,,,,,,,,,
20170624,苏州,猫空书店八周年,美好事物,,,,,,,,,,,,,,,,,,,,,,,,,,,,,,,,,
20170709,武汉,音乐分享会,,,,,,,,,,,,,,,,,,,,,,,,,,,,,,,,,,
20170715,成都,音乐节,不知归期的故人,所以来吧,简情歌,爱你就像爱生命,往往,短叹,等我们老了，就定居在重庆,秋酿,美好事物,,,,,,,,,,,,,,,,,,,,,,,,,
20170729,宁波,音乐节,,,,,,,,,,,,,,,,,,,,,,,,,,,,,,,,,,
20170806,日照,音乐节,,,,,,,,,,,,,,,,,,,,,,,,,,,,,,,,,,
20170813,泉州,星越音乐季,,,,,,,,,,,,,,,,,,,,,,,,,,,,,,,,,,
20170825,乌鲁木齐,一专秋酿巡演,,,,等我们老了，就定居在重庆,秋酿,八月十五,不知归期的故人,美好事物,,,,,,,,,,,,,,,,,,,,,,,,,,
20170831,重庆,音乐节,,,,,,,,,,,,,,,,,,,,,,,,,,,,,,,,,,
20170901,深圳,好乐队对决,往往,等我们老了，就定居在重庆,秋酿,短叹,爱你就像爱生命,独一,不知归期的故人,下一站茶山刘,美好事物,难得,,,,,,,,,,,,,,,,,,,,,,,,
20170903,湘潭,音乐节,,,,,,,,,,,,,,,,,,,,,,,,,,,,,,,,,,
20170907,凯里,一专秋酿巡演,,,,,,,,,,,,,,,,,,,,,,,,,,,,,,,,,,
20170909,贵阳,一专秋酿巡演,,所以来吧,简情歌,美好事物,下一站茶山刘,秋酿,,,,,,,,,,,,,,,,,,,,,,,,,,,,
20170911,兰州,一专秋酿巡演,,,,,,,,,,,,,,,,,,,,,,,,,,,,,,,,,,
20170913,西安,一专秋酿巡演,,,,,,,,,,,,,,,,,,,,,,,,,,,,,,,,,,
20170915,太原,一专秋酿巡演,,,,,,,,,,,,,,,,,,,,,,,,,,,,,,,,,,
20170917,顺德,音乐节,,,,,,,,,,,,,,,,,,,,,,,,,,,,,,,,,,
20170922,济南,一专秋酿巡演,往往,所以来吧,你是我最愚蠢的一次浪漫,不知归期的故人,爱你就像爱生命,等我们老了，就定居在重庆,秋酿,短叹,房东的猫,简情歌,下一站茶山刘,美好事物,,,,,,,,,,,,,,,,,,,,,,
20170924,石家庄,一专秋酿巡演,往往,所以来吧,你是我最愚蠢的一次浪漫,等我们老了，就定居在重庆,爱你就像爱生命,不知归期的故人,简情歌,秋酿,短叹,八月十五,独一,下一站茶山刘,美好事物,斑马斑马,,,,,,,,,,,,,,,,,,,,
20170929,郑州,一专秋酿巡演,往往,所以来吧,你是我最愚蠢的一次浪漫,爱你就像爱生命,不知归期的故人,简情歌,秋酿,房东的猫,独一,美好事物,,,,,,,,,,,,,,,,,,,,,,,,
20171001,通辽,一专秋酿巡演,,,,,,,,,,,,,,,,,,,,,,,,,,,,,,,,,,
20171003,南京,音乐节,往往,所以来吧,爱你就像爱生命,不知归期的故人,秋酿,八月十五,独一,美好事物,,,,,,,,,,,,,,,,,,,,,,,,,,
20171004,上海,音乐节,,,,,,,,,,,,,,,,,,,,,,,,,,,,,,,,,,
20171015,呼和浩特,一专秋酿巡演,往往,下一站茶山刘,所以来吧,简情歌,不知归期的故人,八月十五,你是我最愚蠢的一次浪漫,爱你就像爱生命,等我们老了，就定居在重庆,秋酿,房东的猫,短叹,独一,美好事物,斑马斑马,,,,,,,,,,,,,,,,,,,
20171103,太原,好乐队对决,不知归期的故人,所以来吧,你是我最愚蠢的一次浪漫,秋酿,云烟成雨,,,,,,,,,,,,,,,,,,,,,,,,,,,,,
20171111,武汉,音乐节,不知归期的故人,所以来吧,你是我最愚蠢的一次浪漫,独一,云烟成雨,下一站茶山刘,美好事物,,,,,,,,,,,,,,,,,,,,,,,,,,,
20171112,北京,北漂团伙五周年,,,,,,,,,,,,,,,,,,,,,,,,,,,,,,,,,,
20171113,天津,北漂团伙五周年,不知归期的故人,爱你就像爱生命,简情歌,你是我最愚蠢的一次浪漫,下一站茶山刘,秋酿,云烟成雨,等我们老了，就定居在重庆,美好事物,,,,,,,,,,,,,,,,,,,,,,,,,
20171124,长沙,一专知寒巡演,,,,,,,,,,,,,,,,,,,,,,,,,,,,,,,,,,
20171130,武汉,氧气音乐分享会,,,,,,,,,,,,,,,,,,,,,,,,,,,,,,,,,,
20171210,中南财大,吉他协会晚会嘉宾,不知归期的故人,下一站茶山刘,,,,,,,,,,,,,,,,,,,,,,,,,,,,,,,,
20171216,南京,集体演唱会,云烟成雨,下一站茶山刘,秋酿,美好事物,独一,,,,,,,,,,,,,,,,,,,,,,,,,,,,,
20171221,中南财大,四院双旦晚会嘉宾,秋酿,,,,,,,,,,,,,,,,,,,,,,,,,,,,,,,,,
20171231,珠海,跨年演出,白,美好事物,秋酿,下一站茶山刘,云烟成雨,独一,,,,,,,,,,,,,,,,,,,,,,,,,,,,
20180106,武汉,不枉少年演唱会,美好事物,白,你是我最愚蠢的一次浪漫,下一站茶山刘,秋又来了,爱你就像爱生命,短叹,I wish you come before I am getting old,秋酿,柔软,独一,,,,,,,,,,,,,,,,,,,,,,,
20180321,台北,演唱会,,,,,,,远去的鼓声,,,,,,,,,,,,,,,,,,,,,,,,,,,
20180323,台北,演唱会,不知归期的故人,你是我最愚蠢的一次浪漫,往往,房东的猫,秋酿,云烟成雨,我可以,柔软,简情歌,美好事物,独一,如常,,,,,,,,,,,,,,,,,,,,,,
20180330,深圳,二专巡演,不知归期的故人,所以来吧,你是我最愚蠢的一次浪漫,简情歌,云烟成雨,白,短叹,房东的猫,柔软,往往,八月十五,秋酿,下一站茶山刘,如常,等我们老了，就定居在重庆,远去的飞鸟,美好事物,独一,斑马斑马,,,,,,,,,,,,,,,
20180331,广州,二专巡演,不知归期的故人,所以来吧,你是我最愚蠢的一次浪漫,简情歌,云烟成雨,白,短叹,房东的猫,柔软,往往,八月十五,秋酿,下一站茶山刘,等我们老了，就定居在重庆,远去的飞鸟,如常,美好事物,独一,,,,,,,,,,,,,,,,
20180406,杭州,二专巡演,所以来吧,你是我最愚蠢的一次浪漫,简情歌,云烟成雨,白,短叹,秋酿,如常,柔软,远去的飞鸟,等我们老了，就定居在重庆,独一,美好事物,,,,,,,,,,,,,,,,,,,,,
20180407,合肥,二专巡演,往往,所以来吧,你是我最愚蠢的一次浪漫,等我们老了，就定居在重庆,云烟成雨,八月十五,秋酿,房东的猫,柔软,不知归期的故人,白,短叹,如常,下一站茶山刘,美好事物,独一,,,,,,,,,,,,,,,,,,
20180409,杭州,deca joins巡演嘉宾,你是我最愚蠢的一次浪漫,秋酿,,,,,,,,,,,,,,,,,,,,,,,,,,,,,,,,
20180413,苏州,二专巡演,,,,,,,,,,,,,,,,,,,,,,,,,,,,,,,,,,
20180414,无锡,二专巡演,,,,,,,,,,,,,,,,,,,,,,,,,,,,,,,,,,
20180415,杭州,音乐节,不知归期的故人,秋酿,下一站茶山刘,美好事物,,,,,,,,,,,,,,,,,,,,,,,,,,,,,,
20180419,南昌,二专巡演,白,你是我最愚蠢的一次浪漫,爱你就像爱生命,云烟成雨,如常,秋酿,柔软,等我们老了，就定居在重庆,独一,美好事物,,,,,,,,,,,,,,,,,,,,,,,,
20180420,宁波,二专巡演,,,,,,,,,,,,,,,,,,,,,,,,,,,,,,,,,,
20180422,上海,音乐分享会,秋酿,美好事物,,,,,,,,,,,,,,,,,,,,,,,,,,,,,,,,
20180422,上海,二专巡演,白,所以来吧,你是我最愚蠢的一次浪漫,如常,简情歌,云烟成雨,远去的飞鸟,秋酿,房东的猫,不知归期的故人,下一站茶山刘,往往,等我们老了，就定居在重庆,美好事物,独一,八月十五,,,,,,,,,,,,,,,,,,
20180429,南京,音乐节,你是我最愚蠢的一次浪漫,秋酿,云烟成雨,下一站茶山刘,美好事物,独一,,,,,,,,,,,,,,,,,,,,,,,,,,,,
20180430,上海,音乐节,不知归期的故人,你是我最愚蠢的一次浪漫,所以来吧,秋酿,云烟成雨,下一站茶山刘,白,美好事物,独一,,,,,,,,,,,,,,,,,,,,,,,,,
20180501,泰安,音乐节,不知归期的故人,所以来吧,你是我最愚蠢的一次浪漫,秋酿,云烟成雨,下一站茶山刘,白,美好事物,独一,,,,,,,,,,,,,,,,,,,,,,,,,
20180502,南京,二专巡演,白,所以来吧,你是我最愚蠢的一次浪漫,如常,简情歌,云烟成雨,远去的飞鸟,秋酿,房东的猫,不知归期的故人,下一站茶山刘,美好事物,独一,爱你就像爱生命,短叹,,,,,,,,,,,,,,,,,,,
20180513,兰州,不要音乐演唱会,云烟成雨,,,,,,,,,,,,,,,,,,,,,,,,,,,,,,,,,
20180519,杭州,音乐节,不知归期的故人,你是我最愚蠢的一次浪漫,白,秋酿,所以来吧,云烟成雨,下一站茶山刘,美好事物,独一,,,,,,,,,,,,,,,,,,,,,,,,,
20180520,厦门,二专巡演,,,,,,,,,,我可以,,,,,,,,,,,,,,,,,,,,,,,,
20180521,福州,二专巡演,,,,,,,,,,,,,,,,,,,,,,,,,,,,,,,,,,
20180525,兰州,音乐节,不知归期的故人,你是我最愚蠢的一次浪漫,秋酿,云烟成雨,下一站茶山刘,美好事物,,,,,,,,,,,,,,,,,,,,,,,,,,,,
20180526,长沙,音乐节,不知归期的故人,所以来吧,云烟成雨,秋酿,等我们老了，就定居在重庆,白,美好事物,下一站茶山刘,,,,,,,,,,,,,,,,,,,,,,,,,,
20180527,武汉,音乐节,不知归期的故人,所以来吧,等我们老了，就定居在重庆,白,云烟成雨,秋酿,下一站茶山刘,美好事物,,,,,,,,,,,,,,,,,,,,,,,,,,
20180601,哈尔滨,二专巡演,,,,,,,,,,,,,,,,,,,,,,,,,,,,,,,,,,
20180602,长春,二专巡演,,,,,,,,,,,,,,,,,,,,,,,,,,,,,,,,,,
20180603,沈阳,二专巡演,白,你是我最愚蠢的一次浪漫,简情歌,云烟成雨,秋酿,不知归期的故人,下一站茶山刘,房东的猫,远去的飞鸟,美好事物,,,,,,,,,,,,,,,,,,,,,,,,
20180608,广州,音乐分享会,美好事物,,,,,,,,,,,,,,,,,,,,,,,,,,,,,,,,,
20180608,广州,音乐节,白,云烟成雨,所以来吧,秋酿,美好事物,,,,,,,,,,,,,,,,,,,,,,,,,,,,,
20180610,成都,二专巡演,白,所以来吧,你是我最愚蠢的一次浪漫,如常,简情歌,云烟成雨,下一站茶山刘,远去的飞鸟,房东的猫,柔软,不知归期的故人,秋酿,等我们老了，就定居在重庆,美好事物,独一,八月十五,,,,,,,,,,,,,,,,,,
20180615,昆明,二专巡演,,,,,,,,,,,,,,,,,,,,,,,,,,,,,,,,,,
20180625,香港,二专巡演特别场,白,所以来吧,你是我最愚蠢的一次浪漫,如常,简情歌,云烟成雨,房东的猫,远去的飞鸟,下一站茶山刘,柔软,不知归期的故人,秋酿,等我们老了，就定居在重庆,独一,美好事物,,,,,,,,,,,,,,,,,,,
20180627,香港,二专巡演特别场,白,你是我最愚蠢的一次浪漫,所以来吧,如常,简情歌,云烟成雨,往往,下一站茶山刘,等我们老了，就定居在重庆,秋酿,独一,远去的飞鸟,房东的猫,美好事物,,,,,,,,,,,,,,,,,,,,
20180630,台湾嘉义,音乐祭,白,你是我最愚蠢的一次浪漫,往往,秋酿,下一站茶山刘,云烟成雨,美好事物,独一,,,,,,,,,,,,,,,,,,,,,,,,,,
20180703,重庆,汽车发布会,向往,,,,,,,,,,,,,,,,,,,,,,,,,,,,,,,,,
20180707,苏州,音乐节,云烟成雨,你是我最愚蠢的一次浪漫,所以来吧,秋酿,下一站茶山刘,美好事物,独一,,,,,,,,,,,,,,,,,,,,,,,,,,,
20180713,成都,独立音乐会,白,你是我最愚蠢的一次浪漫,所以来吧,如常,云烟成雨,下一站茶山刘,柔软,秋酿,等我们老了，就定居在重庆,美好事物,,,,,,,,,,,,,,,,,,,,,,,,
20180714,银川,音乐节,,,,,,,,,,,,,,,,,,,,,,,,,,,,,,,,,,
20180715,昆明,音乐节,所以来吧,你是我最愚蠢的一次浪漫,独一,美好事物,下一站茶山刘,白,云烟成雨,,,,,,,,,,,,,,,,,,,,,,,,,,,
20180729,南京,音乐节,白,你是我最愚蠢的一次浪漫,所以来吧,下一站茶山刘,秋酿,独一,美好事物,,,,,,,,,,,,,,,,,,,,,,,,,,,
20180804,安顺,音乐节,你是我最愚蠢的一次浪漫,云烟成雨,秋酿,下一站茶山刘,白,独一,美好事物,,,,,,,,,,,,,,,,,,,,,,,,,,,
20180806,张家口,音乐节,,,,,,,,,,,,,,,,,,,,,,,,,,,,,,,,,,
20180810,重庆,二专巡演,不知归期的故人,你是我最愚蠢的一次浪漫,所以来吧,如常,简情歌,云烟成雨,白,下一站茶山刘,等我们老了，就定居在重庆,美好事物,,,,,,,,,,,,,,,,,,,,,,,,
20180811,常州,音乐节,不知归期的故人,你是我最愚蠢的一次浪漫,所以来吧,下一站茶山刘,云烟成雨,美好事物,,,,,,,,,,,,,,,,,,,,,,,,,,,,
20180818,丽水,音乐节,不知归期的故人,你是我最愚蠢的一次浪漫,所以来吧,如常,云烟成雨,秋酿,美好事物,独一,,,,,,,,,,,,,,,,,,,,,,,,,,
20180902,贵阳,音乐节,不知归期的故人,所以来吧,你是我最愚蠢的一次浪漫,云烟成雨,秋酿,下一站茶山刘,远去的飞鸟,美好事物,独一,,,,,,,,,,,,,,,,,,,,,,,,,
20180907,哈尔滨,音乐节,不知归期的故人,云烟成雨,所以来吧,,,,,,,,,,,,,,,,,,,,,,,,,,,,,,,
20180909,西安,音乐节,　,你是我最愚蠢的一次浪漫,云烟成雨,下一站茶山刘,美好事物,,,,,,,,,,,,,,,,,,,,,,,,,,,,,
20180914,西安,二专巡演,不知归期的故人,你是我最愚蠢的一次浪漫,美好事物,八月十五,所以来吧,简情歌,白,房东的猫,等我们老了，就定居在重庆,柔软,如常,秋酿,下一站茶山刘,云烟成雨,这是你想要的生活吗,,,,,,,,,,,,,,,,,,,
20180915,兰州,二专巡演,八月十五,独一,美好事物,等我们老了，就定居在重庆,秋酿,云烟成雨,不知归期的故人,房东的猫,如常,,,,,,,,,,,,,,,,,,,,,,,,,
20180916,合肥,音乐节,,云烟成雨,你是我最愚蠢的一次浪漫,秋酿,,,,,,,,,,,,,,,,,,,,,,,,,,,,,,
20180920,呼和浩特,二专巡演,,,,,,,,,,,,,,,,,,,,,,,,,,,,,,,,,,
20180921,包头,二专巡演,白,下一站茶山刘,所以来吧,如常,简情歌,云烟成雨,房东的猫,柔软,你是我最愚蠢的一次浪漫,秋酿,等我们老了，就定居在重庆,美好事物,独一,八月十五,,,,,,,,,,,,,,,,,,,,
20180924,北京,音乐节,你是我最愚蠢的一次浪漫,秋酿,下一站茶山刘,八月十五,美好事物,不知归期的故人,云烟成雨,独一,,,,,,,,,,,,,,,,,,,,,,,,,,
20180927,太原,二专巡演,不知归期的故人,你是我最愚蠢的一次浪漫,如常,简情歌,云烟成雨,下一站茶山刘,房东的猫,秋酿,等我们老了，就定居在重庆,由于时间与地域的关系,美好事物,这是你想要的生活吗,八月十五,,,,,,,,,,,,,,,,,,,,,
20180928,石家庄,二专巡演,白,八月十五,云烟成雨,等我们老了，就定居在重庆,独一,简情歌,你是我最愚蠢的一次浪漫,秋酿,下一站茶山刘,美好事物,,,,,,,,,,,,,,,,,,,,,,,,
20180929,郑州,二专巡演,八月十五,不知归期的故人,等我们老了，就定居在重庆,独一,房东的猫,美好事物,你是我最愚蠢的一次浪漫,秋酿,简情歌,柔软,如常,所以来吧,下一站茶山刘,远去的飞鸟,云烟成雨,这是你想要的生活吗,,,,,,,,,,,,,,,,,,
20181001,南昌,音乐节,不知归期的故人,所以来吧,如常,下一站茶山刘,秋酿,云烟成雨,美好事物,你是我最愚蠢的一次浪漫,独一,,,,,,,,,,,,,,,,,,,,,,,,,
20181002,上海,音乐节,白,所以来吧,你是我最愚蠢的一次浪漫,如常,云烟成雨,美好事物,,,,,,,,,,,,,,,,,,,,,,,,,,,,
20181004,扬州,音乐节,你是我最愚蠢的一次浪漫,云烟成雨,秋酿,这是你想要的生活吗,下一站茶山刘,美好事物,独一,,,,,,,,,,,,,,,,,,,,,,,,,,,
20181012,北京,二专巡演,不知归期的故人,你是我最愚蠢的一次浪漫,所以来吧,如常,云烟成雨,房东的猫,柔软,秋酿,给妈妈,等我们老了，就定居在重庆,美好事物,独一,这是你想要的生活吗,,,,,,,,,,,,,,,,,,,,,
20181013,天津,二专巡演,不知归期的故人,你是我最愚蠢的一次浪漫,所以来吧,如常,简情歌,云烟成雨,白,下一站茶山刘,房东的猫,柔软,秋酿,给妈妈,等我们老了，就定居在重庆,美好事物,独一,,,,,,,,,,,,,,,,,,,
20181014,济南,二专巡演,白,你是我最愚蠢的一次浪漫,所以来吧,下一站茶山刘,如常,房东的猫,柔软,秋酿,等我们老了，就定居在重庆,简情歌,这是你想要的生活吗,云烟成雨,,,,,,,,,,,,,,,,,,,,,,
20181019,珠海,二专巡演,白,你是我最愚蠢的一次浪漫,所以来吧,如常,云烟成雨,秋酿,八月十五,简情歌,下一站茶山刘,柔软,这是你想要的生活吗,等我们老了，就定居在重庆,美好事物,独一,,,,,,,,,,,,,,,,,,,,
20181020,长沙,二专巡演,白,你是我最愚蠢的一次浪漫,所以来吧,如常,简情歌,云烟成雨,下一站茶山刘,房东的猫,柔软,秋酿,等我们老了，就定居在重庆,远去的飞鸟,这是你想要的生活吗,给妈妈,美好事物,独一,,,,,,,,,,,,,,,,,,
20181021,武汉,音乐节,不知归期的故人,你是我最愚蠢的一次浪漫,云烟成雨,秋酿,,,,,,,,,,,,,,,,,,,,,,,,,,,,,,
20181026,济南,音乐节,白,柔软,你是我最愚蠢的一次浪漫,云烟成雨,秋酿,美好事物,下一站茶山刘,,,,,,,,,,,,,,,,,,,,,,,,,,,
20181027,中南财大,70周年校庆晚会,下一站茶山刘,美好事物,,,,,,,,,,,,,,,,,,,,,,,,,,,,,,,,
20181102,深圳,专场音乐会,白,你是我最愚蠢的一次浪漫,所以来吧,如常,简情歌,云烟成雨,下一站茶山刘,房东的猫,柔软,秋酿,等我们老了，就定居在重庆,远去的飞鸟,这是你想要的生活吗,美好事物,独一,,,,,,,,,,,,,,,,,,,
20181103,广州,艺术夜市,,,,,,,,,,,,,,,,,,,,,,,,,,,,,,,,,,
20181104,厦门,音乐节,不知归期的故人,你是我最愚蠢的一次浪漫,云烟成雨,秋酿,下一站茶山刘,美好事物,独一,,,,,,,,,,,,,,,,,,,,,,,,,,,
20181111,南京,音乐节,下一站茶山刘,你是我最愚蠢的一次浪漫,所以来吧,云烟成雨,这是你想要的生活吗,美好事物,独一,,,,,,,,,,,,,,,,,,,,,,,,,,,
20181112,重庆,音乐节,往往,你是我最愚蠢的一次浪漫,所以来吧,如常,简情歌,下一站茶山刘,房东的猫,柔软,秋酿,等我们老了，就定居在重庆,独一,美好事物,,,,,,,,,,,,,,,,,,,,,,
20181117,黄山,音乐节,给妈妈,云烟成雨,下一站茶山刘,秋酿,美好事物,,,,,,,,,,,,,,,,,,,,,,,,,,,,,
20181124,无锡,音乐节,不知归期的故人,这是你想要的生活吗,下一站茶山刘,你是我最愚蠢的一次浪漫,秋酿,云烟成雨,美好事物,独一,,,,,,,,,,,,,,,,,,,,,,,,,,
20181202,武汉,贰佰演唱会嘉宾,这是你想要的生活吗,下一站茶山刘,,,,,,,,,,,,,,,,,,,,,,,,,,,,,,,,
20181207,长沙,音乐节,你是我最愚蠢的一次浪漫,所以来吧,云烟成雨,秋酿,美好事物,下一站茶山刘,独一,,,,,,,,,,,,,,,,,,,,,,,,,,,
20181208,广州,音乐节,云烟成雨,你是我最愚蠢的一次浪漫,所以来吧,秋酿,下一站茶山刘,这是你想要的生活吗,美好事物,独一,,,,,,,,,,,,,,,,,,,,,,,,,,
20181209,深圳,音乐节,你是我最愚蠢的一次浪漫,所以来吧,云烟成雨,秋酿,美好事物,这是你想要的生活吗,下一站茶山刘,柔软,独一,,,,,,,,,,,,,,,,,,,,,,,,,
20181222,合肥,音乐节,云烟成雨,白,秋酿,你是我最愚蠢的一次浪漫,美好事物,柔软,,,,,,,,,,,,,,,,,,,,,,,,,,,,
20181223,汕头,音乐节,白,云烟成雨,秋酿,柔软,至此,你是我最愚蠢的一次浪漫,这是你想要的生活吗,美好事物,,,,,,,,,,,,,,,,,,,,,,,,,,
20181230,成都,音乐节,云烟成雨,白,你是我最愚蠢的一次浪漫,至此,秋酿,这是你想要的生活吗,美好事物,,,,,,,,,,,,,,,,,,,,,,,,,,,
20181231,武汉,跨年演唱会,时间简史,亲爱的你,至此,你是我最愚蠢的一次浪漫,独一,春风十里,简情歌,所以来吧,白,云烟成雨,柔软,给妈妈,这是你想要的生活吗,那年夏天,火车开过破晓,短叹,孤独之书,由于时间与地域的关系,秋酿,如常,房东的猫,下一站茶山刘,美好事物,,,,,,,,,,,
20190101,温州,音乐节,白,你是我最愚蠢的一次浪漫,至此,秋酿,柔软,云烟成雨,这是你想要的生活吗,美好事物,下一站茶山刘,,,,,,,,,,,,,,,,,,,,,,,,,
20190112,吉隆坡,音乐节,,秋酿,柔软,云烟成雨,,,,,,,,,,,,,,,,,,,,,,,,,,,,,,
20190309,台北,“生活”巡演特别场,亲爱的你,独一,白,柔软,孤独之书,至此,简情歌,所以来吧,云烟成雨,这是你想要的生活吗,秋酿,如常,不知归期的故人,远去的飞鸟,为你写诗,一百个不喜欢你的方法,由于时间与地域的关系,等我们老了，就定居在重庆,给妈妈,下一站茶山刘,明天也要作伴,当,躺在你的衣柜,无眠,火车开过破晓,你是我最愚蠢的一次浪漫,房东的猫,美好事物,,,,,,
20190403,香港,“生活”巡演特别场,亲爱的你,独一,白,柔软,至此,简情歌,所以来吧,云烟成雨,这是你想要的生活吗,秋酿,如常,不知归期的故人,奇洛李维斯回信,由于时间与地域的关系,等我们老了，就定居在重庆,给妈妈,下一站茶山刘,躺在你的衣柜,单车,绵绵,你是我最愚蠢的一次浪漫,房东的猫,美好事物,,,,,,,,,,,
20190420,宁波,音乐节,云烟成雨,你是我最愚蠢的一次浪漫,不知归期的故人,秋酿,柔软,这是你想要的生活吗,至此,美好事物,下一站茶山刘,,,,,,,,,,,,,,,,,,,,,,,,,
20190427,成都,音乐节,云烟成雨,你是我最愚蠢的一次浪漫,所以来吧,不知归期的故人,独一,秋酿,美好事物,下一站茶山刘,,,,,,,,,,,,,,,,,,,,,,,,,,
20190501,青岛,音乐节,云烟成雨,至此,你是我最愚蠢的一次浪漫,不知归期的故人,秋酿,这是你想要的生活吗,美好事物,下一站茶山刘,,,,,,,,,,,,,,,,,,,,,,,,,,
20190503,常州,音乐节,云烟成雨,至此,你是我最愚蠢的一次浪漫,不知归期的故人,秋酿,这是你想要的生活吗,美好事物,下一站茶山刘,,,,,,,,,,,,,,,,,,,,,,,,,,
20190505,天津,音乐节,云烟成雨,至此,你是我最愚蠢的一次浪漫,不知归期的故人,秋酿,独一,这是你想要的生活吗,美好事物,下一站茶山刘,,,,,,,,,,,,,,,,,,,,,,,,,
20190511,杭州,“生活”巡演,时间简史,独一,白,不知归期的故人,你是我最愚蠢的一次浪漫,秋酿,孤独之书,所以来吧,简情歌,至此,由于时间与地域的关系,给妈妈,云烟成雨,亲爱的你,一百个不喜欢你的方法,火车开过破晓,柔软,躺在你的衣柜,等我们老了，就定居在重庆,下一站茶山刘,房东的猫,美好事物,,,,,,,,,,,,
20190518,武汉,音乐节,云烟成雨,至此,你是我最愚蠢的一次浪漫,这是你想要的生活吗,秋酿,不知归期的故人,美好事物,下一站茶山刘,,,,,,,,,,,,,,,,,,,,,,,,,,
20190519,西安,音乐节,云烟成雨,你是我最愚蠢的一次浪漫,独一,秋酿,远去的飞鸟,这是你想要的生活吗,美好事物,下一站茶山刘,,,,,,,,,,,,,,,,,,,,,,,,,,
20190525,广州,“生活”巡演,独一,白,亲爱的你,孤独之书,柔软,至此,简情歌,所以来吧,这是你想要的生活吗,秋酿,如常,远去的飞鸟,不知归期的故人,奇洛李维斯回信,火车开过破晓,你是我最愚蠢的一次浪漫,因为时间与地域的关系,等我们老了，就定居在重庆,给妈妈,云烟成雨,下一站茶山刘,房东的猫,美好事物,,,,,,,,,,,
20190526,北京,音乐节,秋酿,你是我最愚蠢的一次浪漫,这是你想要的生活吗,云烟成雨,独一,下一站茶山刘,,,,,,,,,,,,,,,,,,,,,,,,,,,,
20190601,舟山,音乐节,如常,独一,秋酿,给妈妈,这是你想要的生活吗,房东的猫,孤独之书,云烟成雨,美好事物,下一站茶山刘,,,,,,,,,,,,,,,,,,,,,,,,
20190608,上海,音乐节,独一,你是我最愚蠢的一次浪漫,如常,云烟成雨,这是你想要的生活吗,等我们老了，就定居在重庆,秋酿,美好事物,下一站茶山刘,,,,,,,,,,,,,,,,,,,,,,,,,
20190614,深圳,“生活”巡演,时间简史,独一,白,亲爱的你,孤独之书,柔软,至此,简情歌,所以来吧,这是你想要的生活吗,往往,秋酿,如常,远去的飞鸟,不知归期的故人,明天也要作伴,你是我最愚蠢的一次浪漫,因为时间与地域的关系,等我们老了，就定居在重庆,给妈妈,云烟成雨,下一站茶山刘,房东的猫,美好事物,,,,,,,,,,
20190616,邯郸,音乐节,你是我最愚蠢的一次浪漫,独一,秋酿,柔软,这是你想要的生活吗,远去的飞鸟,云烟成雨,美好事物,下一站茶山刘,至此,,,,,,,,,,,,,,,,,,,,,,,,
20190622,南京,“生活”巡演,时间简史,独一,白,亲爱的你,孤独之书,柔软,简情歌,所以来吧,这是你想要的生活吗,秋酿,如常,不知归期的故人,当,明天也要作伴,你是我最愚蠢的一次浪漫,由于时间与地域的关系,等我们老了，就定居在重庆,给妈妈,云烟成雨,下一站茶山刘,美好事物,房东的猫,至此,,,,,,,,,,,
20190623,哈尔滨,音乐节,独一,你是我最愚蠢的一次浪漫,白,秋酿,远去的飞鸟,云烟成雨,美好事物,下一站茶山刘,至此,,,,,,,,,,,,,,,,,,,,,,,,,
20190629,张家口,音乐节,独一,你是我最愚蠢的一次浪漫,如常,秋酿,远去的飞鸟,云烟成雨,美好事物,下一站茶山刘,至此,,,,,,,,,,,,,,,,,,,,,,,,,
20190630,秦皇岛,音乐节,独一,所以来吧,白,云烟成雨,美好事物,秋酿,你是我最愚蠢的一次浪漫,远去的飞鸟,下一站茶山刘,至此,,,,,,,,,,,,,,,,,,,,,,,,
20190706,青岛,音乐节,独一,秋酿,云烟成雨,你是我最愚蠢的一次浪漫,白,一百个不喜欢你的方法,下一站茶山刘,至此,至此,,,,,,,,,,,,,,,,,,,,,,,,,
20190713,黄山,音乐节,白,秋酿,你是我最愚蠢的一次浪漫,云烟成雨,美好事物,下一站茶山刘,独一,至此,远去的飞鸟,,,,,,,,,,,,,,,,,,,,,,,,,
20190817,上海,八三夭演唱会嘉宾,独一,不摇滚,,,,,,,,,,,,,,,,,,,,,,,,,,,,,,,,
20190907,南京,廖俊涛巡演嘉宾,无言以说,由于时间与地域的关系,美好事物,,,,,,,,,,,,,,,,,,,,,,,,,,,,,,,
20190913,扬州,音乐节,美好事物,秋酿,八月十五,由于时间与地域的关系,给妈妈,下一站茶山刘,你是我最愚蠢的一次浪漫,房东的猫,云烟成雨,至此,,,,,,,,,,,,,,,,,,,,,,,,
20191019,合肥,音乐节,美好事物,由于时间与地域的关系,火车开过破晓,秋酿,远去的飞鸟,你是我最愚蠢的一次浪漫,下一站茶山刘,云烟成雨,至此,,,,,,,,,,,,,,,,,,,,,,,,,
20191020,玉溪,音乐节,美好事物,由于时间与地域的关系,白,秋酿,远去的飞鸟,你是我最愚蠢的一次浪漫,下一站茶山刘,云烟成雨,至此,,,,,,,,,,,,,,,,,,,,,,,,,
20191025,北京,刘瑞琦演唱会嘉宾,原谅,美好事物,,,,,,,,,,,,,,,,,,,,,,,,,,,,,,,,
20191027,南宁,音乐节,独一,火车开过破晓,愿你有故乡,秋酿,远去的飞鸟,你是我最愚蠢的一次浪漫,下一站茶山刘,至此,云烟成雨,,,,,,,,,,,,,,,,,,,,,,,,,
20191102,郑州,“生活”巡演,时间简史,独一,白,亲爱的你,孤独之书,柔软,至此,简情歌,所以来吧,这是你想要的生活吗,秋酿,如常,远去的飞鸟,不知归期的故人,愿你有故乡,火车开过破晓,明天也要作伴,你是我最愚蠢的一次浪漫,由于时间与地域的关系,等我们老了，就定居在重庆,给妈妈,云烟成雨,下一站茶山刘,房东的猫,美好事物,,,,,,,,,
20191116,沈阳,集体演唱会,火车开过破晓,独一,秋酿,远去的飞鸟,至此,愿你有故乡,美好事物,下一站茶山刘,云烟成雨,,,,,,,,,,,,,,,,,,,,,,,,,
20191123,重庆,“生活”巡演,时间简史,白,等我们老了，就定居在重庆,如常,不知归期的故人,简情歌,躺在你的衣柜,你是我最愚蠢的一次浪漫,明天也要作伴,下一站茶山刘,远去的飞鸟,这是你想要的生活吗,所以来吧,给妈妈,至此,房东的猫,云烟成雨,美好事物,,,,,,,,,,,,,,,,
20191130,北京,“生活”巡演,柔软,至此,独一,简情歌,这是你想要的生活吗,所以来吧,秋酿,如常,你是我最愚蠢的一次浪漫,由于时间与地域的关系,等我们老了，就定居在重庆,愿你有故乡,我可以,不知归期的故人,白,去垦丁淋场雨再走开,火车开过破晓,给妈妈,明天也要作伴,云烟成雨,下一站茶山刘,房东的猫,美好事物,,,,,,,,,,,
20191214,中南财大,青云之夜晚会,这是你想要的生活吗,所以来吧,,,,,,,,,,,,,,,,,,,,,,,,,,,,,,,,
20191215,杭州,蔡旻佑演唱会嘉宾,你是我最愚蠢的一次浪漫,过站不停,,,,,,,,,,,,,,,,,,,,,,,,,,,,,,,,
20191222,北京,颜人中巡演嘉宾,你是我最愚蠢的一次浪漫,白,,,,,,,,,,,,,,,,,,,,,,,,,,,,,,,,
20191231,上海,“生活”巡演,时间简史,独一,至此,柔软,简情歌,你是我最愚蠢的一次浪漫,这是你想要的生活吗,给妈妈,所以来吧,由于时间与地域的关系,秋酿,如常,我可以,我还年轻我还年轻,不知归期的故人,孤独之书,远去的飞鸟,火车开过破晓,愿你有故乡,等我们老了，就定居在重庆,爱你就像爱生命,白,明天也要作伴,云烟成雨,下一站茶山刘,房东的猫,美好事物,,,,,,,
20200101,武汉,音乐节,独一,秋酿,火车开过破晓,你是我最愚蠢的一次浪漫,下一站茶山刘,美好事物,云烟成雨,,,,,,,,,,,,,,,,,,,,,,,,,,,
20200130,多伦多,CUAUT春晚,下一站茶山刘,秋酿,云烟成雨,,,,,,,,,,,,,,,,,,,,,,,,,,,,,,,
20200322,线上,音乐节,下一站茶山刘,所以来吧,愿你有故乡,至此,,,,,,,,,,,,,,,,,,,,,,,,,,,,,,
20200328,线上,音乐节,往往,时光，一如既往,这是你想要的生活吗,,,,,,,,,,,,,,,,,,,,,,,,,,,,,,,
20200426,线上,踏青音乐会,这是你想要的生活吗,海,愿你有故乡,Indigo,由于时间与地域的关系,月亮拥抱我,今夜的江滩公园没有烟花跨年,,,,,,,,,,,,,,,,,,,,,,,,,,,
20200520,线上,音乐节,美好事物,所以来吧,独一,你是我最愚蠢的一次浪漫,云烟成雨,,,,,,,,,,,,,,,,,,,,,,,,,,,,,
20200808,盐城,音乐节,帆船,这是你想要的生活吗,至此,白,下一站茶山刘,你是我最愚蠢的一次浪漫,秋酿,爱你就像爱生命,纵情年代,美好事物,云烟成雨,,,,,,,,,,,,,,,,,,,,,,,
20200811,线上,音乐节,青梅,愿你有故乡,美好事物,就让大雨继续地下,这是你想要的生活吗,秋酿,云烟成雨,房东的猫,下一站茶山刘,,,,,,,,,,,,,,,,,,,,,,,,,
20200827,北京,百度地图庆典,云烟成雨,,,,,,,,,,,,,,,,,,,,,,,,,,,,,,,,,
20200903,天津,音乐节,美好事物,下一站茶山刘,时光，一如既往,秋酿,爱你就像爱生命,纵情年代,你是我最愚蠢的一次浪漫,云烟成雨,,,,,,,,,,,,,,,,,,,,,,,,,,
20200905,温州,音乐节,帆船,秋酿,下一站茶山刘,时光，一如既往,纵情年代,美好事物,云烟成雨,,,,,,,,,,,,,,,,,,,,,,,,,,,
20200912,成都,音乐节,帆船,秋酿,白,你是我最愚蠢的一次浪漫,下一站茶山刘,美好事物,云烟成雨,,,,,,,,,,,,,,,,,,,,,,,,,,,
20200920,上海,音乐节,帆船,秋酿,所念皆星河,下一站茶山刘,白,时光，一如既往,你是我最愚蠢的一次浪漫,纵情年代,美好事物,云烟成雨,,,,,,,,,,,,,,,,,,,,,,,,
20201005,成都,音乐节,与你何涉,蝴蝶效应,纵情年代,时间简史,下一站茶山刘,云烟成雨,,,,,,,,,,,,,,,,,,,,,,,,,,,,
20201011,大理,音乐节,　,秋酿,所念皆星河,这是你想要的生活吗,云烟成雨,,,,,,,,,,,,,,,,,,,,,,,,,,,,,
20201018,湖州,音乐节,秋酿,所念皆星河,下一站茶山刘,独一,爱你就像爱生命,时光，一如既往,纵情年代,这是你想要的生活吗,云烟成雨,,,,,,,,,,,,,,,,,,,,,,,,,
20201024,武汉,音乐节,下一站茶山刘,帆船,时间简史,美好事物,纵情年代,云烟成雨,,,,,,,,,,,,,,,,,,,,,,,,,,,,
20201031,武汉,音乐节,下一站茶山刘,云烟成雨,时光，一如既往,,,,,,,,,,,,,,,,,,,,,,,,,,,,,,,
20201101,北京,清华校歌赛嘉宾,秋酿,,,,,,,,,,,,,,,,,,,,,,,,,,,,,,,,,
20201120,武汉,七周年演唱会,孤独之书,白,远去的飞鸟,帆船,秋酿,你是我最愚蠢的一次浪漫,月亮拥抱我,时间简史,短叹,所念皆星河,Indigo,下一站茶山刘,海,愿你有故乡,美好事物,这是你想要的生活吗,简情歌,你是我为数不多的骄傲,等我们老了，就定居在重庆,爱你就像爱生命,纵情年代,云烟成雨,房东的猫,时光，一如既往,,,,,,,,,,
20201203,南京,刘思鉴巡演嘉宾,纵情年代,这是你想要的生活吗,所念皆星河,,,,,,,,,,,,,,,,,,,,,,,,,,,,,,,
20201205,杭州,鹿先森巡演嘉宾,下一站茶山刘,,,,,,,,,,,,,,,,,,,,,,,,,,,,,,,,,
20201225,南京,棱镜演唱会嘉宾,我是任何野蛮生长的事物,云烟成雨,,,,,,,,,,,,,,,,,,,,,,,,,,,,,,,,
20201231,厦门,跨年音乐节,时间简史,下一站茶山刘,月亮拥抱我,美好事物,所念皆星河,纵情年代,时光，一如既往,远去的飞鸟,云烟成雨,,,,,,,,,,,,,,,,,,,,,,,,,
20210310,广州,春日探花音乐会,美好事物,我是任何野蛮生长的事物,所念皆星河,,,,,,,,,,,,,,,,,,,,,,,,,,,,,,,
20210316,北京,阿狸生日会,所念皆星河,美好事物,,,,,,,,,,,,,,,,,,,,,,,,,,,,,,,,
20210410,温州,音乐节,纵情年代,短叹,美好事物,你是我为数不多的骄傲,时光，一如既往,时间简史,所念皆星河,下一站茶山刘,云烟成雨,,,,,,,,,,,,,,,,,,,,,,,,,
20210418,青岛,嘉年华,帆船,下一站茶山刘,时间简史,美好事物,纵情年代,云烟成雨,,,,,,,,,,,,,,,,,,,,,,,,,,,,
20210423,北京,于翔北巡演嘉宾,晚风轻起时,你是我最愚蠢的一次浪漫,,,,,,,,,,,,,,,,,,,,,,,,,,,,,,,,
20210501,重庆,音乐节,时间简史,纵情年代,帆船,月亮拥抱我,美好事物,下一站茶山刘,等我们老了，就定居在重庆,纵情年代,云烟成雨,,,,,,,,,,,,,,,,,,,,,,,,,
20210503,成都,音乐节,秋酿,帆船,下一站茶山刘,所念皆星河,美好事物,云烟成雨,,,,,,,,,,,,,,,,,,,,,,,,,,,,
20210504,焦作,音乐节,帆船,纵情年代,下一站茶山刘,Indigo,所念皆星河,时间简史,远去的飞鸟,爱你就像爱生命,云烟成雨,,,,,,,,,,,,,,,,,,,,,,,,,
20210529,上海,音乐节,帆船,下一站茶山刘,纵情年代,爱你就像爱生命,Indigo,所念皆星河,时间简史,美好事物,云烟成雨,,,,,,,,,,,,,,,,,,,,,,,,,
20210625,长沙,毕业歌会,美好事物,下一站茶山刘,云烟成雨,,,,,,,,,,,,,,,,,,,,,,,,,,,,,,,
20210702,天津,音乐节,帆船,秋酿,这是你想要的生活吗,下一站茶山刘,白,你是我最愚蠢的一次浪漫,纵情年代,美好事物,云烟成雨,,,,,,,,,,,,,,,,,,,,,,,,,
20210711,上饶,音乐节,纵情年代,下一站茶山刘,帆船,时间简史,月亮拥抱我,秋酿,所念皆星河,美好事物,云烟成雨,,,,,,,,,,,,,,,,,,,,,,,,,
20210717,杭州,刘炫廷巡演嘉宾,摇摆之夜,所念皆星河,,,,,,,,,,,,,,,,,,,,,,,,,,,,,,,,
20210919,九寨沟,音乐节,下一站茶山刘,纵情年代,银河迪厅,帆船,美好事物,此刻是不会再拥有的此刻了,云烟成雨,,,,,,,,,,,,,,,,,,,,,,,,,,,
20210930,西安,京东MALL开业盛典,下一站茶山刘,这是你想要的生活吗,云烟成雨,,,,,,,,,,,,,,,,,,,,,,,,,,,,,,,
20211002,成都,音乐节,今天是星期几,银河迪厅,所念皆星河,纵情年代,美好事物,此刻是不会再拥有的此刻了,云烟成雨,,,,,,,,,,,,,,,,,,,,,,,,,,,
20211003,长治,音乐节,帆船,今天是星期几,银河迪厅,时间简史,所念皆星河,美好事物,纵情年代,此刻是不会再拥有的此刻了,云烟成雨,,,,,,,,,,,,,,,,,,,,,,,,,
20211006,日照,音乐节,秋酿,帆船,爱你就像爱生命,今天是星期几,所念皆星河,此刻是不会再拥有的此刻了,美好事物,云烟成雨,,,,,,,,,,,,,,,,,,,,,,,,,,
20211016,北京,音乐节,帆船,下一站茶山刘,爱你就像爱生命,今天是星期几,银河迪厅,所念皆星河,美好事物,此刻是不会再拥有的此刻了,云烟成雨,,,,,,,,,,,,,,,,,,,,,,,,,
20211017,无锡,音乐节,秋酿,帆船,时间简史,所念皆星河,今天是星期几,银河迪厅,美好事物,此刻是不会再拥有的此刻了,云烟成雨,,,,,,,,,,,,,,,,,,,,,,,,,
20211123,广州,EP巡演,一则废话,海,秋酿,这是你想要的生活吗,纵情年代,远去的飞鸟,你是我最愚蠢的一次浪漫,月亮拥抱我,Indigo,你是我为数不多的骄傲,今天是星期几,银河迪厅,帆船,短叹,躺在凌晨五点半的海岸,所念皆星河,时间简史,房东的猫,美好事物,此刻是不会再拥有的此刻了,下一站茶山刘,云烟成雨,,,,,,,,,,,,
20211201,西安,EP巡演,一则废话,海,秋酿,柔软,月亮拥抱我,纵情年代,下一站茶山刘,短叹,月亮都老了,你是我为数不多的骄傲,今天是星期几,银河迪厅,帆船,躺在凌晨五点半的海岸,所念皆星河,时间简史,简情歌,爱你就像爱生命,房东的猫,此刻是不会再拥有的此刻了,美好事物,往往,云烟成雨,,,,,,,,,,,
20211208,长沙,EP巡演,一则废话,海,秋酿,愿你有故乡,纵情年代,远去的飞鸟,爱你就像爱生命,等我们老了，就定居在重庆,我是任何野蛮生长的事物,你是我为数不多的骄傲,今天是星期几,银河迪厅,帆船,躺在凌晨五点半的海岸,所念皆星河,时间简史,短叹,房东的猫,美好事物,此刻是不会再拥有的此刻了,下一站茶山刘,八月十五,云烟成雨,,,,,,,,,,,
20211222,济南,EP巡演,一则废话,海,秋酿,这是你想要的生活吗,纵情年代,柔软,你是我最愚蠢的一次浪漫,月亮拥抱我,Indigo,你是我为数不多的骄傲,今天是星期几,银河迪厅,帆船,短叹,所念皆星河,时间简史,躺在凌晨五点半的海岸,房东的猫,美好事物,此刻是不会再拥有的此刻了,下一站茶山刘,爱你就像爱生命,云烟成雨,,,,,,,,,,,
20211225,武汉,音乐节,下一站茶山刘,所念皆星河,躺在凌晨五点半的海岸,今天是星期几,银河迪厅,请你一定要记得我好吗,时间简史,纵情年代,美好事物,此刻是不会再拥有的此刻了,云烟成雨,,,,,,,,,,,,,,,,,,,,,,,
20211231,厦门,跨年音乐节,秋酿,下一站茶山刘,今天是星期几,银河迪厅,所念皆星河,请你一定要记得我好吗,美好事物,纵情年代,New Boy,云烟成雨,,,,,,,,,,,,,,,,,,,,,,,,
20220126,广州,微信年会,银河迪厅,New Boy,云烟成雨,,,,,,,,,,,,,,,,,,,,,,,,,,,,,,,
20220305,广州,音乐节,下一站茶山刘,所念皆星河,今天是星期几,银河迪厅,时间简史,美好事物,此刻是不会再拥有的此刻了,云烟成雨,谈恋爱前不如先养猫,,,,,,,,,,,,,,,,,,,,,,,,,
20220312,杭州,张蔷演唱会嘉宾,帆船,今天是星期几,银河迪厅,,,,,,,,,,,,,,,,,,,,,,,,,,,,,,,
20220528,线上,中南财大毕业歌会,美好事物,下一站茶山刘,云烟成雨,,,,,,,,,,,,,,,,,,,,,,,,,,,,,,,
20220611,万宁,音乐节,秋酿,今天是星期几,银河迪厅,所念皆星河,云烟成雨,,,,,,,,,,,,,,,,,,,,,,,,,,,,,
20220621,成都,音乐节,下一站茶山刘,秋酿,帆船,所念皆星河,和宇宙的温柔关联,今天是星期几,银河迪厅,所以来吧,时间简史,美好事物,此刻是不会再拥有的此刻了,云烟成雨,,,,,,,,,,,,,,,,,,,,,,
20220626,南京,音乐节,秋酿,帆船,下一站茶山刘,今天是星期几,银河迪厅,所念皆星河,时间简史,此刻是不会再拥有的此刻了,云烟成雨,,,,,,,,,,,,,,,,,,,,,,,,,
20220715,沈阳,EP巡演,一则废话,海,秋酿,这是你想要的生活吗,纵情年代,远去的飞鸟,和宇宙的温柔关联,你是我最愚蠢的一次浪漫,Indigo,你是我为数不多的骄傲,今天是星期几,银河迪厅,帆船,短叹,躺在凌晨五点半的海岸,所念皆星河,时间简史,不知归期的故人,房东的猫,美好事物,此刻是不会再拥有的此刻了,下一站茶山刘,云烟成雨,,,,,,,,,,,
20220716,厦门,音乐节,帆船,下一站茶山刘,和宇宙的温柔关联,今天是星期几,银河迪厅,纵情年代,所念皆星河,躺在凌晨五点半的海岸,此刻是不会再拥有的此刻了,云烟成雨,,,,,,,,,,,,,,,,,,,,,,,,
20220717,重庆,云村音乐节,今天是星期几,银河迪厅,此刻是不会再拥有的此刻了,云烟成雨,,,,,,,,,,,,,,,,,,,,,,,,,,,,,,
20220721,福州,EP巡演,一则废话,海,秋酿,这是你想要的生活吗,纵情年代,远去的飞鸟,爱你就像爱生命,等我们老了，就定居在重庆,和宇宙的温柔关联,时间简史,今天是星期几,银河迪厅,帆船,躺在凌晨五点半的海岸,所念皆星河,房东的猫,短叹,下一站茶山刘,八月十五,此刻是不会再拥有的此刻了,你是我为数不多的骄傲,美好事物,云烟成雨,,,,,,,,,,,
20220722,重庆,音乐节,下一站茶山刘,所念皆星河,和宇宙的温柔关联,今天是星期几,银河迪厅,等我们老了，就定居在重庆,时间简史,美好事物,云烟成雨,,,,,,,,,,,,,,,,,,,,,,,,,
20220723,银川,音乐节,下一站茶山刘,所念皆星河,今天是星期几,银河迪厅,躺在凌晨五点半的海岸,和宇宙的温柔关联,时间简史,此刻是不会再拥有的此刻了,云烟成雨,,,,,,,,,,,,,,,,,,,,,,,,,
20220727,大连,EP巡演,一则废话,海,秋酿,纵情年代,这是你想要的生活吗,爱你就像爱生命,Indigo,愿你有故乡,所念皆星河,你是我为数不多的骄傲,今天是星期几,银河迪厅,如常,短叹,躺在凌晨五点半的海岸,时间简史,和宇宙的温柔关联,房东的猫,下一站茶山刘,往往,此刻是不会再拥有的此刻了,美好事物,云烟成雨,,,,,,,,,,,
20220729,长春,EP巡演,一则废话,海,秋酿,月亮拥抱我,和宇宙的温柔关联,纵情年代,下一站茶山刘,这是你想要的生活吗,短叹,你是我为数不多的骄傲,今天是星期几,银河迪厅,帆船,躺在凌晨五点半的海岸,所念皆星河,时间简史,简情歌,爱你就像爱生命,白,房东的猫,此刻是不会再拥有的此刻了,美好事物,云烟成雨,,,,,,,,,,,
20220731,潍坊,音乐节,秋酿,下一站茶山刘,远去的飞鸟,和宇宙的温柔关联,今天是星期几,银河迪厅,所念皆星河,此刻是不会再拥有的此刻了,云烟成雨,,,,,,,,,,,,,,,,,,,,,,,,,
20220802,北京,小红书露营大会,银河迪厅,所念皆星河,云烟成雨,,,,,,,,,,,,,,,,,,,,,,,,,,,,,,,
20220806,泰州,音乐节,秋酿,所念皆星河,和宇宙的温柔关联,今天是星期几,银河迪厅,下一站茶山刘,时间简史,此刻是不会再拥有的此刻了,云烟成雨,,,,,,,,,,,,,,,,,,,,,,,,,
20220814,天津,EP巡演,一则废话,海,帆船,这是你想要的生活吗,纵情年代,如常,秋酿,爱你就像爱生命,下一站茶山刘,所念皆星河,今天是星期几,银河迪厅,躺在凌晨五点半的海岸,简情歌,短叹,房东的猫,和宇宙的温柔关联,时间简史,柔软,此刻是不会再拥有的此刻了,你是我为数不多的骄傲,美好事物,云烟成雨,,,,,,,,,,,
20220820,杭州,音乐节,秋酿,下一站茶山刘,爱你就像爱生命,和宇宙的温柔关联,所念皆星河,今天是星期几,银河迪厅,躺在凌晨五点半的海岸,时间简史,美好事物,此刻是不会再拥有的此刻了,房东的猫,云烟成雨,,,,,,,,,,,,,,,,,,,,,
20220826,苏州,EP巡演,一则废话,海,秋酿,这是你想要的生活吗,纵情年代,远去的飞鸟,你是我最愚蠢的一次浪漫,和宇宙的温柔关联,Indigo,所念皆星河,今天是星期几,银河迪厅,帆船,短叹,躺在凌晨五点半的海岸,时间简史,房东的猫,下一站茶山刘,白/爱你就像爱生命,此刻是不会再拥有的此刻了,你是我为数不多的骄傲,美好事物,云烟成雨,,,,,,,,,,,
20220828,湖州,音乐节,帆船,下一站茶山刘,和宇宙的温柔关联,今天是星期几,银河迪厅,所念皆星河,时间简史,美好事物,云烟成雨,,,,,,,,,,,,,,,,,,,,,,,,,
20220903,珠海,EP巡演,一则废话,海,秋酿,这是你想要的生活吗,纵情年代,远去的飞鸟,爱你就像爱生命,等我们老了，就定居在重庆,和宇宙的温柔关联,所念皆星河,今天是星期几,银河迪厅,躺在凌晨五点半的海岸,孤独之书,简情歌,房东的猫,短叹,美好事物,时间简史,此刻是不会再拥有的此刻了,你是我为数不多的骄傲,下一站茶山刘,云烟成雨,,,,,,,,,,,
20220908,苏州,旅橙音乐会,所念皆星河,银河迪厅,美好事物,云烟成雨,,,,,,,,,,,,,,,,,,,,,,,,,,,,,,
20220911,福州,音乐节,所念皆星河,你是我最愚蠢的一次浪漫,躺在凌晨五点半的海岸,如常,今天是星期几,银河迪厅,八月十五,愿你有故乡,时间简史,此刻是不会再拥有的此刻了,云烟成雨,,,,,,,,,,,,,,,,,,,,,,,
20220916,长沙,漱口水发布会,所念皆星河,今天是星期几,银河迪厅,,,,,,,,,,,,,,,,,,,,,,,,,,,,,,,
20220925,广州,嘉年华,所念皆星河,爱你就像爱生命,今天是星期几,银河迪厅,时间简史,云烟成雨,,,,,,,,,,,,,,,,,,,,,,,,,,,,
20221106,楚雄,音乐节,所念皆星河,帆船,下一站茶山刘,今天是星期几,银河迪厅,美好事物,时间简史,此刻是不会再拥有的此刻了,云烟成雨,,,,,,,,,,,,,,,,,,,,,,,,,
20221112,杭州,音乐节,一则废话,躺在凌晨五点半的海岸,爱你就像爱生命,纵情年代,所念皆星河,今天是星期几,银河迪厅,短叹,美好事物,云烟成雨,,,,,,,,,,,,,,,,,,,,,,,,
20221117,南京,吴克群巡演嘉宾,所念皆星河,此刻是不会再拥有的此刻了,为你写诗,,,,,,,,,,,,,,,,,,,,,,,,,,,,,,,
20221119,常山,音乐节,下一站茶山刘,秋酿,所念皆星河,今天是星期几,银河迪厅,时间简史,美好事物,此刻是不会再拥有的此刻了,云烟成雨,,,,,,,,,,,,,,,,,,,,,,,,,
20230205,海口,元宵音乐会,所念皆星河,银河迪厅,云烟成雨,,,,,,,,,,,,,,,,,,,,,,,,,,,,,,,
20230211,青岛,海尔空调节,银河迪厅,所念皆星河,,,,,,,,,,,,,,,,,,,,,,,,,,,,,,,,
20230212,宁波,EP巡演,一则废话,海,秋酿,这是你想要的生活吗,纵情年代,远去的飞鸟,你是我最愚蠢的一次浪漫,等我们老了，就定居在重庆,和宇宙的温柔关联,所念皆星河,今天是星期几,银河迪厅,躺在凌晨五点半的海岸,孤独之书,房东的猫,短叹,美好事物,时间简史,城市动物园,此刻是不会再拥有的此刻了,你是我为数不多的骄傲,下一站茶山刘,云烟成雨,,,,,,,,,,,
20230218,杭州,汽车发布会,今天是星期几,美好事物,云烟成雨,,,,,,,,,,,,,,,,,,,,,,,,,,,,,,,
20230220,大理,汽车发布会,美好事物,所念皆星河,,,,,,,,,,,,,,,,,,,,,,,,,,,,,,,,
20230225,线上,VR演唱会,孤独之书,这是你想要的生活吗,纵情年代,下一站茶山刘,今天是星期几,银河迪厅,一则废话,躺在凌晨五点半的海岸,秋酿,美好事物,云烟成雨,,,,,,,,,,,,,,,,,,,,,,,
20230226,青岛,EP巡演,一则废话,海,秋酿,纵情年代,如常,这是你想要的生活吗,和宇宙的温柔关联,爱你就像爱生命,Indigo,此刻是不会再拥有的此刻了,今天是星期几,银河迪厅,帆船,所念皆星河,短叹,躺在凌晨五点半的海岸,时间简史,房东的猫,在无常中抛下一个锚点,美好事物,你是我为数不多的骄傲,下一站茶山刘,云烟成雨,,,,,,,,,,,
20230302,郑州,EP巡演,一则废话,海,帆船,在无常中抛下一个锚点,纵情年代,柔软,秋酿,爱你就像爱生命,下一站茶山刘,所念皆星河,今天是星期几,银河迪厅,躺在凌晨五点半的海岸,简情歌,短叹,房东的猫,和宇宙的温柔关联,时间简史,闪光,此刻是不会再拥有的此刻了,你是我为数不多的骄傲,美好事物,云烟成雨,,,,,,,,,,,
20230304,澳门,虎牙非凡之夜,云烟成雨,所念皆星河,,,,,,,,,,,,,,,,,,,,,,,,,,,,,,,,
20230310,成都,好朋友演唱会,一则废话,远去的飞鸟,下一站茶山刘,在无常中抛下一个锚点,今天是星期几,银河迪厅,如常,所念皆星河,时间简史,美好事物,此刻是不会再拥有的此刻了,云烟成雨,,,,,,,,,,,,,,,,,,,,,,
20230311,广州,Fine乐团巡演嘉宾,夏天的颜色,所念皆星河,此刻是不会再拥有的此刻了,,,,,,,,,,,,,,,,,,,,,,,,,,,,,,,
20230317,武汉,音乐节,帆船,下一站茶山刘,所念皆星河,秋酿,时间简史,今天是星期几,银河迪厅,城市动物园,此刻是不会再拥有的此刻了,云烟成雨,,,,,,,,,,,,,,,,,,,,,,,,
20230323,杭州,王欣宇张钰巡演嘉宾,和宇宙的温柔关联,你是我最愚蠢的一次浪漫,,,,,,,,,,,,,,,,,,,,,,,,,,,,,,,
20230324,南京,好朋友演唱会,帆船,下一站茶山刘,城市动物园,所念皆星河,今天是星期几,银河迪厅,在无常中抛下一个锚点,躺在凌晨五点半的海岸,美好事物,云烟成雨,,,,,,,,,,,,,,,,,,,,,,,,
20230325,成都,音乐节,今天是星期几,银河迪厅,下一站茶山刘,所念皆星河,躺在凌晨五点半的海岸,城市动物园,时间简史,美好事物,云烟成雨,,,,,,,,,,,,,,,,,,,,,,,,,
20230326,贵阳,嘉年华,秋酿,爱你就像爱生命,城市动物园,所念皆星河,今天是星期几,银河迪厅,躺在凌晨五点半的海岸,时间简史,云烟成雨,,,,,,,,,,,,,,,,,,,,,,,,,
20230330,石家庄,EP巡演,一则废话,海,秋酿,纵情年代,在无常中抛下一个锚点,你是我最愚蠢的一次浪漫,所念皆星河,时间简史,此刻是不会再拥有的此刻了,今天是星期几,银河迪厅,躺在凌晨五点半的海岸,和宇宙的温柔关联,城市动物园,闪光,房东的猫,短叹,美好事物,你是我为数不多的骄傲,下一站茶山刘,云烟成雨,,,,,,,,,,,,,
20230331,上海,商演,美好事物,所念皆星河,今天是星期几,银河迪厅,云烟成雨,,,,,,,,,,,,,,,,,,,,,,,,,,,,,
20230401,合肥,音乐节,所念皆星河,下一站茶山刘,在无常中抛下一个锚点,今天是星期几,银河迪厅,城市动物园,美好事物,云烟成雨,,,,,,,,,,,,,,,,,,,,,,,,,,
20230402,西安,音乐节,今天是星期几,银河迪厅,秋酿,所念皆星河,城市动物园,时间简史,云烟成雨,,,,,,,,,,,,,,,,,,,,,,,,,,,
20230405,德清,蚕花庙会,秋酿,下一站茶山刘,云烟成雨,,,,,,,,,,,,,,,,,,,,,,,,,,,,,,,
20230405,广州,小六巡演嘉宾,在无常中抛下一个锚点,孤独之书,银河迪厅,金刚不坏大宝剑,,,,,,,,,,,,,,,,,,,,,,,,,,,,,
20230407,杭州,无忧之夜盛典,云烟成雨,,,,,,,,,,,,,,,,,,,,,,,,,,,,,,,,,
20230408,青岛,音乐节,帆船,下一站茶山刘,所念皆星河,今天是星期几,银河迪厅,城市动物园,时间简史,云烟成雨,,,,,,,,,,,,,,,,,,,,,,,,,,
20230409,杭州,音乐节,今天是星期几,银河迪厅,所念皆星河,躺在凌晨五点半的海岸,城市动物园,此刻是不会再拥有的此刻了,美好事物,云烟成雨,,,,,,,,,,,,,,,,,,,,,,,,,,
20230415,温州,音乐节,一则废话,下一站茶山刘,所念皆星河,今天是星期几,银河迪厅,城市动物园,时间简史,云烟成雨,,,,,,,,,,,,,,,,,,,,,,,,,,
20230415,诸暨,音乐节,秋酿,所念皆星河,一则废话,今天是星期几,银河迪厅,时间简史,城市动物园,美好事物,云烟成雨,,,,,,,,,,,,,,,,,,,,,,,,,
20230416,东台,音乐节,秋酿,下一站茶山刘,今天是星期几,银河迪厅,城市动物园,躺在凌晨五点半的海岸,美好事物,云烟成雨,,,,,,,,,,,,,,,,,,,,,,,,,,
20230422,重庆,音乐节,一则废话,所念皆星河,等我们老了，就定居在重庆,今天是星期几,银河迪厅,城市动物园,时间简史,爱你就像爱生命,云烟成雨,,,,,,,,,,,,,,,,,,,,,,,,,
20230426,上饶,天赐非凡歌会,银河迪厅,云烟成雨,,,,,,,,,,,,,,,,,,,,,,,,,,,,,,,,
20230429,大连,音乐节,下一站茶山刘,所念皆星河,今天是星期几,银河迪厅,西部故事,时间简史,城市动物园,美好事物,云烟成雨,,,,,,,,,,,,,,,,,,,,,,,,,
20230430,成都,音乐节,今天是星期几,银河迪厅,西部故事,所念皆星河,城市动物园,躺在凌晨五点半的海岸,时间简史,美好事物,云烟成雨,,,,,,,,,,,,,,,,,,,,,,,,,
20230501,北京,音乐节,今天是星期几,银河迪厅,所念皆星河,城市动物园,是永不止息的海浪,时间简史,美好事物,云烟成雨,,,,,,,,,,,,,,,,,,,,,,,,,,
20230502,常州,音乐节,所念皆星河,是永不止息的海浪,银河迪厅,城市动物园,西部故事,美好事物,云烟成雨,,,,,,,,,,,,,,,,,,,,,,,,,,,
20230503,泰安,音乐节,今天是星期几,银河迪厅,下一站茶山刘,所念皆星河,西部故事,城市动物园,时间简史,此刻是不会再拥有的此刻了,云烟成雨,,,,,,,,,,,,,,,,,,,,,,,,,
20230507,厦门,音乐节,今天是星期几,银河迪厅,所念皆星河,是永不止息的海浪,城市动物园,时间简史,和宇宙的温柔关联,美好事物,云烟成雨,,,,,,,,,,,,,,,,,,,,,,,,,
20230513,杭州,音乐节,一则废话,秋酿,城市动物园,是永不止息的海浪,银河迪厅,浅的堆叠,美好事物,云烟成雨,,,,,,,,,,,,,,,,,,,,,,,,,,
20230514,宜昌,音乐节,所念皆星河,秋酿,今天是星期几,银河迪厅,西部故事,城市动物园,下一站茶山刘,美好事物,云烟成雨,,,,,,,,,,,,,,,,,,,,,,,,,
20230520,广州,音乐节,今天是星期几,银河迪厅,所念皆星河,是永不止息的海浪,城市动物园,时间简史,美好事物,云烟成雨,,,,,,,,,,,,,,,,,,,,,,,,,,
20230521,石家庄,群星演唱会,所念皆星河,下一站茶山刘,城市动物园,银河迪厅,和宇宙的温柔关联,云烟成雨,,,,,,,,,,,,,,,,,,,,,,,,,,,,
20230527,河源,音乐节,所念皆星河,下一站茶山刘,城市动物园,今天是星期几,银河迪厅,潮,和宇宙的温柔关联,云烟成雨,,,,,,,,,,,,,,,,,,,,,,,,,,
20230528,上海,音乐节,所念皆星河,西部故事,是永不止息的海浪,银河迪厅,城市动物园,浅的堆叠,美好事物,云烟成雨,,,,,,,,,,,,,,,,,,,,,,,,,,
20230601,北京,公益音乐会,今天是星期几,银河迪厅,城市动物园,是永不止息的海浪,浅的堆叠,云烟成雨,,,,,,,,,,,,,,,,,,,,,,,,,,,,
20230606,杭州,种地吧音乐会,云烟成雨,下一站茶山刘,,,,,,,,,,,,,,,,,,,,,,,,,,,,,,,,
20230610,衢州,音乐节,银河迪厅,是永不止息的海浪,所念皆星河,和宇宙的温柔关联,城市动物园,时间简史,浅的堆叠,爱你就像爱生命,云烟成雨,,,,,,,,,,,,,,,,,,,,,,,,,
20230611,济南,音乐节,秋酿,所念皆星河,是永不止息的海浪,银河迪厅,城市动物园,时间简史,美好事物,云烟成雨,,,,,,,,,,,,,,,,,,,,,,,,,,
20230617,泰州,音乐节,今天是星期几,银河迪厅,西部故事,城市动物园,是永不止息的海浪,所念皆星河,美好事物,云烟成雨,,,,,,,,,,,,,,,,,,,,,,,,,,
20230618,北京,音乐节,秋酿,所念皆星河,是永不止息的海浪,城市动物园,银河迪厅,此刻是不会再拥有的此刻了,美好事物,云烟成雨,,,,,,,,,,,,,,,,,,,,,,,,,,
20230620,北京,四专首唱会,如何,不来也不去,光的房子,边界,慢游,浪漫日记,是永不止息的海浪,生日快乐,美好事物,秋酿,浅的堆叠,下一站茶山刘,,,,,,,,,,,,,,,,,,,,,,
20230622,连云港,音乐节,今天是星期几,银河迪厅,所念皆星河,是永不止息的海浪,城市动物园,时间简史,此刻是不会再拥有的此刻了,下一站茶山刘,云烟成雨,,,,,,,,,,,,,,,,,,,,,,,,,
20230623,邯郸,群星演唱会,下一站茶山刘,云烟成雨,秋酿,,,,,,,,,,,,,,,,,,,,,,,,,,,,,,,
20230624,临沂,音乐节,所念皆星河,美好事物,是永不止息的海浪,银河迪厅,城市动物园,时间简史,潮,和宇宙的温柔关联,云烟成雨,,,,,,,,,,,,,,,,,,,,,,,,,
20230701,赤峰,音乐节,所念皆星河,秋酿,是永不止息的海浪,银河迪厅,城市动物园,边界,和宇宙的温柔关联,云烟成雨,,,,,,,,,,,,,,,,,,,,,,,,,,
20230702,天津,音乐节,秋酿,下一站茶山刘,是永不止息的海浪,城市动物园,边界,潮,所念皆星河,云烟成雨,,,,,,,,,,,,,,,,,,,,,,,,,,
20230703,北京,汽车发布会,期遇新势界,银河迪厅,边界,New Boy,云烟成雨,,,,,,,,,,,,,,,,,,,,,,,,,,,,,
20230707,嘉兴,音乐节,银河迪厅,城市动物园,所念皆星河,是永不止息的海浪,浅的堆叠,时间简史,和宇宙的温柔关联,美好事物,云烟成雨,,,,,,,,,,,,,,,,,,,,,,,,,
20230708,宁波,音乐节,秋酿,下一站茶山刘,是永不止息的海浪,今天是星期几,银河迪厅,城市动物园,边界,此刻是不会再拥有的此刻了,云烟成雨,,,,,,,,,,,,,,,,,,,,,,,,,
20230709,新乡,音乐节,今天是星期几,银河迪厅,所念皆星河,是永不止息的海浪,城市动物园,时间简史,浅的堆叠,下一站茶山刘,云烟成雨,,,,,,,,,,,,,,,,,,,,,,,,,
20230714,北京,胡海泉演出嘉宾,此刻是不会再拥有的此刻了,所念皆星河,,,,,,,,,,,,,,,,,,,,,,,,,,,,,,,,
20230715,南宁,音乐节,所念皆星河,秋酿,是永不止息的海浪,银河迪厅,城市动物园,边界,此刻是不会再拥有的此刻了,美好事物,云烟成雨,,,,,,,,,,,,,,,,,,,,,,,,,
20230716,连云港,音乐节,下一站茶山刘,所念皆星河,是永不止息的海浪,银河迪厅,城市动物园,边界,时间简史,美好事物,云烟成雨,,,,,,,,,,,,,,,,,,,,,,,,,
20230722,上海,世界/青年巡演,浅的堆叠,潮,秋酿,一则废话,边界,所念皆星河,简情歌,此刻是不会再拥有的此刻了,躺在凌晨五点半的海岸,城市动物园,时间简史,那些年,Rainy Night+爱你就像爱生命+海+房东的猫+今天是星期几,西部故事,光的房子,下一站茶山刘,是永不止息的海浪,慢游,短叹,银河迪厅,纵情年代,和宇宙的温柔关联,美好事物,八月十五+你是我最愚蠢的一次浪漫+100days,浪漫日记,云烟成雨,,,,,,,,
20230723,青岛,音乐节,所念皆星河,是永不止息的海浪,银河迪厅,城市动物园,潮,和宇宙的温柔关联,云烟成雨,,,,,,,,,,,,,,,,,,,,,,,,,,,
20230729,石嘴山,音乐节,一则废话,秋酿,所念皆星河,是永不止息的海浪,银河迪厅,城市动物园,边界,美好事物,云烟成雨,,,,,,,,,,,,,,,,,,,,,,,,,
20230804,赤峰,音乐节,所念皆星河,西部故事,是永不止息的海浪,城市动物园,银河迪厅,时间简史,浪漫日记,美好事物,云烟成雨,,,,,,,,,,,,,,,,,,,,,,,,,
20230806,贵阳,音乐节,今天是星期几,银河迪厅,秋酿,所念皆星河,是永不止息的海浪,城市动物园,边界,和宇宙的温柔关联,云烟成雨,,,,,,,,,,,,,,,,,,,,,,,,,
20230811,眉山,音乐节,下一站茶山刘,秋酿,潮,是永不止息的海浪,城市动物园,浅的堆叠,时间简史,所念皆星河,云烟成雨,,,,,,,,,,,,,,,,,,,,,,,,,
20230812,南京,音乐节,所念皆星河,西部故事,是永不止息的海浪,城市动物园,银河迪厅,边界,此刻是不会再拥有的此刻了,美好事物,云烟成雨,,,,,,,,,,,,,,,,,,,,,,,,,
20230813,福州,音乐节,潮,秋酿,是永不止息的海浪,此刻是不会再拥有的此刻了,城市动物园,银河迪厅,时间简史,所念皆星河,云烟成雨,,,,,,,,,,,,,,,,,,,,,,,,,
20230817,德州,青春电音节,所念皆星河,下一站茶山刘,城市动物园,银河迪厅,美好事物,云烟成雨,,,,,,,,,,,,,,,,,,,,,,,,,,,,
20230823,大理,风花雪月音乐会,秋酿,你是我最愚蠢的一次浪漫,不来也不去,今天是星期几,城市动物园,是永不止息的海浪,美好事物,云烟成雨,下一站茶山刘,,,,,,,,,,,,,,,,,,,,,,,,,
20230826,聊城,音乐节,所念皆星河,西部故事,是永不止息的海浪,城市动物园,银河迪厅,时间简史,和宇宙的温柔关联,云烟成雨,,,,,,,,,,,,,,,,,,,,,,,,,,
20230827,沈阳,音乐节,秋酿,潮,所念皆星河,是永不止息的海浪,城市动物园,银河迪厅,浅的堆叠,美好事物,云烟成雨,,,,,,,,,,,,,,,,,,,,,,,,,
20230828,上海,东方风云榜,云烟成雨,,,,,,,,,,,,,,,,,,,,,,,,,,,,,,,,,
20230902,乌鲁木齐,音乐节,下一站茶山刘,所念皆星河,西部故事,是永不止息的海浪,边界,城市动物园,银河迪厅,美好事物,云烟成雨,,,,,,,,,,,,,,,,,,,,,,,,,
20230909,常州,音乐节,秋酿,所念皆星河,西部故事,是永不止息的海浪,城市动物园,银河迪厅,浅的堆叠,和宇宙的温柔关联,云烟成雨,,,,,,,,,,,,,,,,,,,,,,,,,
20230915,西宁,音乐节,下一站茶山刘,潮,所念皆星河,是永不止息的海浪,城市动物园,银河迪厅,美好事物,云烟成雨,,,,,,,,,,,,,,,,,,,,,,,,,,
20230916,哈尔滨,音乐节,所念皆星河,秋酿,西部故事,是永不止息的海浪,城市动物园,银河迪厅,浅的堆叠,和宇宙的温柔关联,云烟成雨,,,,,,,,,,,,,,,,,,,,,,,,,
20230920,北京,百度嘉年华,没有你就没有远方,云烟成雨,所念皆星河,,,,,,,,,,,,,,,,,,,,,,,,,,,,,,,
20230923,广州,世界/青年巡演,浅的堆叠,潮,如何,秋酿,边界,城市动物园,所念皆星河,简情歌,如常,时间简史,光的房子,下一站茶山刘,是永不止息的海浪,慢游,短叹,Rainy Night+爱你就像爱生命+海+房东的猫+今天是星期几,你曾是少年,生日快乐,此刻是不会再拥有的此刻了,银河迪厅,纵情年代,美好事物,八月十五+你是我最愚蠢的一次浪漫+不知归期的故人+100days,和宇宙的温柔关联,云烟成雨,,,,,,,,,
20230924,扬州,音乐节,秋酿,所念皆星河,是永不止息的海浪,城市动物园,银河迪厅,时间简史,和宇宙的温柔关联,云烟成雨,,,,,,,,,,,,,,,,,,,,,,,,,,
20230929,萍乡,音乐节,下一站茶山刘,秋酿,是永不止息的海浪,城市动物园,此刻是不会再拥有的此刻了,云烟成雨,,,,,,,,,,,,,,,,,,,,,,,,,,,,
20230930,重庆,音乐节,下一站茶山刘,是永不止息的海浪,城市动物园,银河迪厅,和宇宙的温柔关联,云烟成雨,,,,,,,,,,,,,,,,,,,,,,,,,,,,
20231001,佛山,音乐节,所念皆星河,是永不止息的海浪,城市动物园,银河迪厅,时间简史,浅的堆叠,和宇宙的温柔关联,云烟成雨,,,,,,,,,,,,,,,,,,,,,,,,,,
20231003,成都,音乐节,秋酿,所念皆星河,是永不止息的海浪,边界,城市动物园,银河迪厅,浅的堆叠,下一站茶山刘,云烟成雨,,,,,,,,,,,,,,,,,,,,,,,,,
20231004,盐城,音乐节,今天是星期几,银河迪厅,下一站茶山刘,所念皆星河,是永不止息的海浪,城市动物园,潮,和宇宙的温柔关联,云烟成雨,,,,,,,,,,,,,,,,,,,,,,,,,
20231012,上海,大学生歌手大赛嘉宾,今天是星期几,云烟成雨,,,,,,,,,,,,,,,,,,,,,,,,,,,,,,,,
20231015,长沙,音乐节,所念皆星河,下一站茶山刘,是永不止息的海浪,城市动物园,银河迪厅,时间简史,浅的堆叠,此刻是不会再拥有的此刻了,云烟成雨,,,,,,,,,,,,,,,,,,,,,,,,,
20231017,西安,西安交大招聘会,云烟成雨,下一站茶山刘,,,,,,,,,,,,,,,,,,,,,,,,,,,,,,,,
20231021,澳门,合唱真人秀,银河迪厅,云烟成雨,下一站茶山刘,短叹,New Boy,,,,,,,,,,,,,,,,,,,,,,,,,,,,,
20231022,淮安,音乐节,秋酿,所念皆星河,潮,是永不止息的海浪,城市动物园,银河迪厅,浅的堆叠,和宇宙的温柔关联,云烟成雨,,,,,,,,,,,,,,,,,,,,,,,,,
20231027,南昌,音乐节,下一站茶山刘,所念皆星河,是永不止息的海浪,城市动物园,银河迪厅,浅的堆叠,美好事物,云烟成雨,,,,,,,,,,,,,,,,,,,,,,,,,,
20231029,南京,音乐节,所念皆星河,西部故事,潮,是永不止息的海浪,城市动物园,银河迪厅,边界,和宇宙的温柔关联,云烟成雨,,,,,,,,,,,,,,,,,,,,,,,,,
20231031,杭州,音乐节,城市动物园,云烟成雨,,,,,,,,,,,,,,,,,,,,,,,,,,,,,,,,
20231105,杭州,音乐节,今天是星期几,银河迪厅,所念皆星河,是永不止息的海浪,城市动物园,浅的堆叠,潮,和宇宙的温柔关联,云烟成雨,,,,,,,,,,,,,,,,,,,,,,,,,
20231111,茂名,音乐节,下一站茶山刘,所念皆星河,边界,是永不止息的海浪,城市动物园,银河迪厅,浅的堆叠,此刻是不会再拥有的此刻了,云烟成雨,,,,,,,,,,,,,,,,,,,,,,,,,
20231112,深圳,音乐节,所念皆星河,下一站茶山刘,是永不止息的海浪,城市动物园,银河迪厅,时间简史,和宇宙的温柔关联,云烟成雨,,,,,,,,,,,,,,,,,,,,,,,,,,
20231118,武汉,世界/青年巡演,浅的堆叠,所念皆星河,边界,城市动物园,简情歌,爱你就像爱生命,下一站茶山刘,是永不止息的海浪,光的房子,慢游,短叹,Rainy Night+独一+柔软+海+房东的猫+今天是星期几,时间简史,南山南,银河迪厅,纵情年代,此刻是不会再拥有的此刻了,不来也不去,美好事物,少年锦时,今夜的江滩公园没有烟花跨年,和宇宙的温柔关联,往往+如常+八月十五+100 days,你是我最愚蠢的一次浪漫,云烟成雨,,,,,,,,,
20231119,武汉,十周年特别场,秋酿,所念皆星河,这是你想要的生活吗,是永不止息的海浪,和宇宙的温柔关联,城市动物园,边界,下一站茶山刘,等我们老了就定居在重庆,浅的堆叠,潮,银河迪厅,时间简史,逝去的歌,由于时间与地域的关系,笑忘歌,Rainy Night+独一+柔软+海+房东的猫+今天是星期几,纵情年代,慢游,短叹,生日快乐,你是我为数不多的骄傲,美好事物,时光，一如既往,100 days,云烟成雨,至此,,,,,,,
20231121,洛杉矶,北美巡演,浅的堆叠,潮,所念皆星河,秋酿,城市动物园,边界,简情歌,下一站茶山刘,是永不止息的海浪,短叹,Rainy Night+爱你就像爱生命+海+房东的猫+今天是星期几,银河迪厅,Indigo,美好事物,时间简史,和宇宙的温柔关联,八月十五+不知归期的故人+100 days,你是我最愚蠢的一次浪漫,云烟成雨,,,,,,,,,,,,,,,
20231122,旧金山,北美巡演,浅的堆叠,秋酿,所念皆星河,简情歌,城市动物园,边界,下一站茶山刘,如何,是永不止息的海浪,短叹,Rainy Night+独一+柔软+海+房东的猫+今天是星期几,银河迪厅,Indigo,此刻是不会再拥有的此刻了,不来也不去,美好事物,愿你有故乡+如常+100 days,云烟成雨,八月十五,,,,,,,,,,,,,,,
20231125,华盛顿,北美巡演,浅的堆叠,西部故事,所念皆星河,秋酿,城市动物园,简情歌,下一站茶山刘,是永不止息的海浪,你是我最愚蠢的一次浪漫,短叹,Rainy Night+爱你就像爱生命+海+房东的猫+今天是星期几,银河迪厅,如常,光的房子,时间简史,和宇宙的温柔关联,八月十五+如常+100 days,生日快乐,云烟成雨,今夜的江滩公园没有烟花跨年,,,,,,,,,,,,,,
20231126,纽约,北美音乐节,所念皆星河,下一站茶山刘,西部故事,躺在凌晨五点半的海岸,城市动物园,银河迪厅,浅的堆叠,时间简史,你是我最愚蠢的一次浪漫,和宇宙的温柔关联,此刻是不会再拥有的此刻了,云烟成雨,,,,,,,,,,,,,,,,,,,,,,
20231127,波士顿,北美巡演,浅的堆叠,秋酿,所念皆星河,西部故事,慢游,城市动物园,下一站茶山刘,简情歌,是永不止息的海浪,纵情年代,银河迪厅,Rainy Night+独一+柔软+海+房东的猫+今天是星期几,短叹,你是我最愚蠢的一次浪漫,时间简史,美好事物,和宇宙的温柔关联+不知归期的故人+100 days,八月十五,爱你就像爱生命,云烟成雨,,,,,,,,,,,,,,
20231202,绍兴,音乐节,秋酿,所念皆星河,浅的堆叠,是永不止息的海浪,你是我最愚蠢的一次浪漫,城市动物园,时间简史,和宇宙的温柔关联,云烟成雨,,,,,,,,,,,,,,,,,,,,,,,,,
20231209,金华,群星演唱会,所念皆星河,银河迪厅,和宇宙的温柔关联,云烟成雨,,,,,,,,,,,,,,,,,,,,,,,,,,,,,,
20231214,上海,校园音乐会,下一站茶山刘,今天是星期几,和宇宙的温柔关联,,,,,,,,,,,,,,,,,,,,,,,,,,,,,,,
20231215,宁波,风子巡演嘉宾,爱你就像爱生命,在爱情来临之前,,,,,,,,,,,,,,,,,,,,,,,,,,,,,,,,
20231216,台州,音乐节,所念皆星河,下一站茶山刘,是永不止息的海浪,城市动物园,银河迪厅,时间简史,和宇宙的温柔关联,云烟成雨,,,,,,,,,,,,,,,,,,,,,,,,,,
20231217,广州,音乐节,秋酿,所念皆星河,躺在凌晨五点半的海岸,边界,城市动物园,银河迪厅,浅的堆叠,美好事物,云烟成雨,,,,,,,,,,,,,,,,,,,,,,,,,
20231223,哈尔滨,音乐节,今天是星期几,纵情年代,所念皆星河,是永不止息的海浪,银河迪厅,美好事物,和宇宙的温柔关联,云烟成雨,,,,,,,,,,,,,,,,,,,,,,,,,,
20231230,惠州,音乐节,下一站茶山刘,西部故事,城市动物园,边界,潮,美好事物,此刻是不会再拥有的此刻了,云烟成雨,,,,,,,,,,,,,,,,,,,,,,,,,,
20231231,温州,音乐节,New Boy,今天是星期几,所念皆星河,是永不止息的海浪,城市动物园,边界,和宇宙的温柔关联,云烟成雨,,,,,,,,,,,,,,,,,,,,,,,,,,
20240106,深圳,民谣歌会,云烟成雨,下一站茶山刘,所念皆星河,边界,和宇宙的温柔关联,,,,,,,,,,,,,,,,,,,,,,,,,,,,,
20240122,大理,微博旅游之夜,美好事物,,,,,,,,,,,,,,,,,,,,,,,,,,,,,,,,,
20240214,太原,星空告白夜,下一站茶山刘,所念皆星河,西部故事,是永不止息的海浪,城市动物园,秋酿,浅的堆叠,此刻是不会再拥有的此刻了,云烟成雨,,,,,,,,,,,,,,,,,,,,,,,,,
20240216,亳州,群星演唱会,所念皆星河,下一站茶山刘,是永不止息的海浪,边界,银河迪厅,时间简史,和宇宙的温柔关联,云烟成雨,,,,,,,,,,,,,,,,,,,,,,,,,,
20240224,三亚,音乐节,秋酿,所念皆星河,是永不止息的海浪,城市动物园,边界,此刻是不会再拥有的此刻了,美好事物,云烟成雨,,,,,,,,,,,,,,,,,,,,,,,,,,
20240302,成都,世界/青年巡演,浅的堆叠,所念皆星河,城市动物园,边界,是永不止息的海浪,美好事物,闪光,下一站茶山刘,光的房子,和宇宙的温柔关联,时间简史,漫游,短叹,明天的烦恼交给明天,Rainy Night+爱你就像爱生命+海+房东的猫+今天是星期几,旅行是为了重逢,秋酿,简情歌,银河迪厅,纵情年代,不来也不去,你是我最愚蠢的一次浪漫,八月十五+不知归期的故人+小彩之歌+100 days,一个像夏天一个像秋天,云烟成雨,,,,,,,,,
20240308,香港,世界/青年巡演,浅的堆叠,孤独之书,城市动物园,是永不止息的海浪,秋酿,等我们老了，就定居在重庆,边界,时间简史,和宇宙的温柔关联,街灯晚餐,所念皆星河,下一站茶山刘,Rainy Night+爱你就像爱生命+海+房东的猫+今天是星期几,光的房子,如常,银河迪厅,纵情年代,慢游,短叹,你是我最愚蠢的一次浪漫,美好事物,八月十五+由于时间与地域的关系+小彩之歌+100 days,云烟成雨,,,,,,,,,,,
20240316,佛山,音乐节,所念皆星河,西部故事,是永不止息的海浪,城市动物园,边界,时间简史,和宇宙的温柔关联,云烟成雨,,,,,,,,,,,,,,,,,,,,,,,,,,
20240323,常州,音乐节,秋酿,西部故事,城市动物园,是永不止息的海浪,你是我最愚蠢的一次浪漫,纵情年代,所念皆星河,云烟成雨,,,,,,,,,,,,,,,,,,,,,,,,,,
20240331,阜阳,音乐节,所念皆星河,下一站茶山刘,浅的堆叠,城市动物园,边界,躺在凌晨五点半的海岸,美好事物,云烟成雨,,,,,,,,,,,,,,,,,,,,,,,,,,
20240404,湖州,音乐节,所念皆星河,是永不止息的海浪,城市动物园,时间简史,纵情年代,银河迪厅,你是我最愚蠢的一次浪漫,和宇宙的温柔关联,云烟成雨,,,,,,,,,,,,,,,,,,,,,,,,,
20240406,福州,音乐节,所念皆星河,是永不止息的海浪,城市动物园,边界,纵情年代,时间简史,和宇宙的温柔关联,云烟成雨,,,,,,,,,,,,,,,,,,,,,,,,,,
20240409,北京,致美音乐会,所念皆星河,是永不止息的海浪,城市动物园,边界,下一站茶山刘,房东的猫,不来也不去,时光，一如既往,此刻是不会再拥有的此刻了,闪光,和宇宙的温柔关联,时间简史,你是我最愚蠢的一次浪漫,简情歌,银河迪厅,纵情年代,小彩之歌,蜗牛的家,美好事物,云烟成雨,,,,,,,,,,,,,,
20240414,西安,音乐节,所念皆星河,潮,城市动物园,边界,和宇宙的温柔关联,躺在凌晨五点半的海岸,美好事物,云烟成雨,,,,,,,,,,,,,,,,,,,,,,,,,,
20240416,深圳,百度音乐会,边界,城市动物园,和宇宙的温柔关联,,,,,,,,,,,,,,,,,,,,,,,,,,,,,,,
20240419,晋城,音乐节,秋酿,和宇宙的温柔关联,城市动物园,银河迪厅,纵情年代,所念皆星河,此刻是不会再拥有的此刻了,云烟成雨,,,,,,,,,,,,,,,,,,,,,,,,,,
20240420,杭州,音乐节,所念皆星河,是永不止息的海浪,城市动物园,银河迪厅,边界,浅的堆叠,和宇宙的温柔关联,云烟成雨,,,,,,,,,,,,,,,,,,,,,,,,,,
20240421,武汉,音乐节,所念皆星河,城市动物园,纵情年代,下一站茶山刘,不来也不去,时间简史,你是我最愚蠢的一次浪漫,云烟成雨,,,,,,,,,,,,,,,,,,,,,,,,,,
20240423,杭州,云村11周年音乐会,所念皆星河,不来也不去,云烟成雨,,,,,,,,,,,,,,,,,,,,,,,,,,,,,,,
20240427,澳门,虎牙非凡之夜,和宇宙的温柔关联,银河迪厅,,,,,,,,,,,,,,,,,,,,,,,,,,,,,,,,
20240501,绍兴,音乐节,今天是星期几,银河迪厅,所念皆星河,和宇宙的温柔关联,躺在凌晨五点半的海岸,城市动物园,美好事物,云烟成雨,,,,,,,,,,,,,,,,,,,,,,,,,,
20240502,徐州,音乐节,所念皆星河,下一站茶山刘,闪光,城市动物园,银河迪厅,时间简史,和宇宙的温柔关联,云烟成雨,,,,,,,,,,,,,,,,,,,,,,,,,,
20240504,成都,音乐节,所念皆星河,城市动物园,银河迪厅,爱你就像爱生命,躺在凌晨五点半的海岸,边界,此刻是不会再拥有的此刻了,和宇宙的温柔关联,云烟成雨,,,,,,,,,,,,,,,,,,,,,,,,,
20240505,宝鸡,音乐节,今天是星期几,银河迪厅,所念皆星河,下一站茶山刘,是永不止息的海浪,城市动物园,和宇宙的温柔关联,云烟成雨,,,,,,,,,,,,,,,,,,,,,,,,,,
20240520,线上,公益不插电音乐会,孤独之书,所以来吧,如常,小彩之歌,美好事物,房东的猫,,,,,,,,,,,,,,,,,,,,,,,,,,,,
20240525,杭州,音乐节,所念皆星河,下一站茶山刘,城市动物园,边界,时间简史,和宇宙的温柔关联,此刻是不会再拥有的此刻了,云烟成雨,,,,,,,,,,,,,,,,,,,,,,,,,,
20240526,湖州,音乐节,"你要如何,我们就如何",所念皆星河,是永不止息的海浪,城市动物园,银河迪厅,闪光,和宇宙的温柔关联,云烟成雨,,,,,,,,,,,,,,,,,,,,,,,,,,
20240531,青岛,音乐节,所念皆星河,下一站茶山刘,是永不止息的海浪,城市动物园,银河迪厅,边界,此刻是不会再拥有的此刻了,和宇宙的温柔关联,云烟成雨,,,,,,,,,,,,,,,,,,,,,,,,,
20240601,南通,音乐节,所念皆星河,潮,是永不止息的海浪,城市动物园,银河迪厅,时间简史,和宇宙的温柔关联,云烟成雨,,,,,,,,,,,,,,,,,,,,,,,,,,
20240602,德州,音乐节,秋酿,所念皆星河,城市动物园,浅的堆叠,边界,躺在凌晨五点半的海岸,爱你就像爱生命,和宇宙的温柔关联,云烟成雨,,,,,,,,,,,,,,,,,,,,,,,,,
20240615,绵阳,音乐节,下一站茶山刘,所念皆星河,是永不止息的海浪,城市动物园,边界,和宇宙的温柔关联,美好事物,云烟成雨,,,,,,,,,,,,,,,,,,,,,,,,,,
20240616,长沙,音乐节,秋酿,所念皆星河,是永不止息的海浪,城市动物园,边界,纵情年代,你是我最愚蠢的一次浪漫,和宇宙的温柔关联,云烟成雨,,,,,,,,,,,,,,,,,,,,,,,,,
20240617,上海,影视音乐盛典,送别,我的祖国,,,,,,,,,,,,,,,,,,,,,,,,,,,,,,,,
20240622,淮安,群星演唱会,所念皆星河,下一站茶山刘,和宇宙的温柔关联,云烟成雨,,,,,,,,,,,,,,,,,,,,,,,,,,,,,,
20240629,北京,世界/青年巡演,秋酿,所念皆星河,城市动物园,边界,是永不止息的海浪,骄傲,下一站茶山刘,光的房子,和宇宙的温柔关联,时间简史,慢游,短叹,星月神话,浅的堆叠,白+我可以+爱你就像爱生命+请你一定要记得我好吗+房东的猫,等我们老了，就定居在重庆,银河迪厅,纵情年代,真空,你是我最愚蠢的一次浪漫,八月十五+美好事物+月亮拥抱我+100days,凤凰花开的路口,云烟成雨,,,,,,,,,,,
20240630,长春,音乐节,所念皆星河,下一站茶山刘,是永不止息的海浪,城市动物园,边界,和宇宙的温柔关联,美好事物,云烟成雨,,,,,,,,,,,,,,,,,,,,,,,,,,
20240705,天津,音乐节,美好事物,下一站茶山刘,云烟成雨,,,,,,,,,,,,,,,,,,,,,,,,,,,,,,,
20240706,济南,群星演唱会,所念皆星河,此刻是不会再拥有的此刻了,今天是星期几,和宇宙的温柔关联,云烟成雨,,,,,,,,,,,,,,,,,,,,,,,,,,,,,
20240713,长治,音乐节,所念皆星河,下一站茶山刘,城市动物园,边界,银河迪厅,爱你就像爱生命,浅的堆叠,和宇宙的温柔关联,云烟成雨,,,,,,,,,,,,,,,,,,,,,,,,,
20240717,弥勒,群星音乐会,云烟成雨,New Boy,,,,,,,,,,,,,,,,,,,,,,,,,,,,,,,,
20240721,银川,音乐节,真空,所念皆星河,西部故事,是永不止息的海浪,城市动物园,边界,闪光,和宇宙的温柔关联,云烟成雨,,,,,,,,,,,,,,,,,,,,,,,,,
20240723,昆明,风花雪月音乐会,下一站茶山刘,秋酿,躺在凌晨五点半的海岸,闪光,云烟成雨,,,,,,,,,,,,,,,,,,,,,,,,,,,,,
20240727,大同,音乐节,所念皆星河,下一站茶山刘,是永不止息的海浪,城市动物园,边界,时间简史,和宇宙的温柔关联,云烟成雨,,,,,,,,,,,,,,,,,,,,,,,,,,
20240728,昆明,音乐节,所念皆星河,下一站茶山刘,今天是星期几,银河迪厅,和宇宙的温柔关联,云烟成雨,,,,,,,,,,,,,,,,,,,,,,,,,,,,
20240803,深圳,音乐节,所念皆星河,闪光,城市动物园,边界,银河迪厅,浪漫日记,和宇宙的温柔关联,云烟成雨,,,,,,,,,,,,,,,,,,,,,,,,,,
20240809,连云港,音乐节,所念皆星河,潮,躺在凌晨五点半的海岸,城市动物园,银河迪厅,你是我最愚蠢的一次浪漫,浪漫日记,和宇宙的温柔关联,云烟成雨,,,,,,,,,,,,,,,,,,,,,,,,,
20240810,潍坊,音乐节,所念皆星河,下一站茶山刘,是永不止息的海浪,城市动物园,边界,真空,和宇宙的温柔关联,云烟成雨,,,,,,,,,,,,,,,,,,,,,,,,,,
20240811,扬州,音乐节,所念皆星河,下一站茶山刘,你是我最愚蠢的一次浪漫,城市动物园,银河迪厅,真空,和宇宙的温柔关联,云烟成雨,,,,,,,,,,,,,,,,,,,,,,,,,,
20240817,张家界,音乐节,所念皆星河,下一站茶山刘,躺在凌晨五点半的海岸,城市动物园,边界,真空,和宇宙的温柔关联,云烟成雨,,,,,,,,,,,,,,,,,,,,,,,,,,
20240818,珠海,盛夏音乐会,和宇宙的温柔关联,是永不止息的海浪,云烟成雨,,,,,,,,,,,,,,,,,,,,,,,,,,,,,,,
20240826,上海,东方风云榜,和宇宙的温柔关联,,,,,,,,,,,,,,,,,,,,,,,,,,,,,,,,,
20240831,常州,音乐节,所念皆星河,下一站茶山刘,城市动物园,边界,银河迪厅,你是我最愚蠢的一次浪漫,真空,和宇宙的温柔关联,云烟成雨,,,,,,,,,,,,,,,,,,,,,,,,,
20240907,乌鲁木齐,群星演唱会,所念皆星河,和宇宙的温柔关联,云烟成雨,,,,,,,,,,,,,,,,,,,,,,,,,,,,,,,
20240915,北京,音乐节,所念皆星河,是永不止息的海浪,城市动物园,银河迪厅,时间简史,你是我最愚蠢的一次浪漫,真空,和宇宙的温柔关联,云烟成雨,,,,,,,,,,,,,,,,,,,,,,,,,
20240920,上海,上海大学生歌手大赛嘉宾,和宇宙的温柔关联,真空,,,,,,,,,,,,,,,,,,,,,,,,,,,,,,,,
20240921,晋中,音乐节,秋酿,所念皆星河,是永不止息的海浪,城市动物园,银河迪厅,真空,爱你就像爱生命,和宇宙的温柔关联,云烟成雨,,,,,,,,,,,,,,,,,,,,,,,,,
20240922,重庆,群星演唱会,所念皆星河,秋酿,是永不止息的海浪,城市动物园,银河迪厅,等我们老了，就定居在重庆,和宇宙的温柔关联,云烟成雨,,,,,,,,,,,,,,,,,,,,,,,,,,
20240926,北京,中传建校70年晚会,所念皆星河,云烟成雨,,,,,,,,,,,,,,,,,,,,,,,,,,,,,,,,
20241003,阿拉善,音乐节,今天是星期几,银河迪厅,所念皆星河,下一站茶山刘,城市动物园,真空,美好事物,云烟成雨,,,,,,,,,,,,,,,,,,,,,,,,,,
20241004,东莞,音乐节,所念皆星河,下一站茶山刘,是永不止息的海浪,城市动物园,边界,纵情年代,真空,和宇宙的温柔关联,云烟成雨,,,,,,,,,,,,,,,,,,,,,,,,,
20241011,滨州,群星演唱会,所念皆星河,下一站茶山刘,和宇宙的温柔关联,城市动物园,银河迪厅,真空,你是我最愚蠢的一次浪漫,云烟成雨,,,,,,,,,,,,,,,,,,,,,,,,,,
20241013,杭州,熠熠生辉闪耀之夜,云烟成雨,,,,,,,,,,,,,,,,,,,,,,,,,,,,,,,,,
20241017,杭州,浙传歌会,秋酿,下一站茶山刘,云烟成雨,,,,,,,,,,,,,,,,,,,,,,,,,,,,,,,
20241019,保定,音乐节,所念皆星河,下一站茶山刘,和宇宙的温柔关联,城市动物园,纵情年代,银河迪厅,此刻是不会再拥有的此刻了,秋酿,云烟成雨,,,,,,,,,,,,,,,,,,,,,,,,,
20241020,北京,中关村音乐夜,好风吹进生活里,边界,云烟成雨,,,,,,,,,,,,,,,,,,,,,,,,,,,,,,,
20241030,杭州,明星社团联盟公演,爱你就像爱生命,云烟成雨,,,,,,,,,,,,,,,,,,,,,,,,,,,,,,,,
20241101,宜春,音乐节,所念皆星河,下一站茶山刘,是永不止息的海浪,真空,城市动物园,银河迪厅,你是我最愚蠢的一次浪漫,和宇宙的温柔关联,云烟成雨,,,,,,,,,,,,,,,,,,,,,,,,,
20241102,桂林,音乐节,秋酿,所念皆星河,此刻是不会再拥有的此刻了,城市动物园,银河迪厅,纵情年代,真空,和宇宙的温柔关联,云烟成雨,,,,,,,,,,,,,,,,,,,,,,,,,
20241103,澳门,世界/青年巡演,浅的堆叠,城市动物园,秋酿,所念皆星河,真空,边界,提词,是永不止息的海浪,短叹,这是你想要的生活吗,死性不改,Rainy Night+爱你就像爱生命+海+房东的猫+今天是星期几,下一站茶山刘,光的房子,美好事物,下一次,银河迪厅,纵情年代,躺在凌晨五点半的海岸,和宇宙的温柔关联,晚风轻起时+月亮拥抱我+八月十五+100 days,云烟成雨,,,,,,,,,,,,
20241110,芜湖,音乐节,秋酿,所念皆星河,真空,是永不止息的海浪,城市动物园,银河迪厅,下一次,和宇宙的温柔关联,云烟成雨,,,,,,,,,,,,,,,,,,,,,,,,,
20241116,杭州,世界/青年巡演,浅的堆叠,所念皆星河,城市动物园,边界,是永不止息的海浪,浪漫日记,下一次,下一站茶山刘,光的房子,和宇宙的温柔关联,时间简史,慢游,短叹,真空,人间萤火,白+我可以+爱你就像爱生命+请你一定要记得我好吗+房东的猫,如常,秋酿,提词,银河迪厅,纵情年代,等我们老了，就定居在重庆,此刻是不会再拥有的此刻了,八月十五+火车开过破晓+100 days+西湖,遇见,云烟成雨,,,,,,,,
20241124,温州,音乐节,所念皆星河,真空,是永不止息的海浪,城市动物园,银河迪厅,这是你想要的生活吗,你是我最愚蠢的一次浪漫,美好事物,云烟成雨,,,,,,,,,,,,,,,,,,,,,,,,,
20241129,成都,校园音乐会,闪光,下一次,下一站茶山刘,,,,,,,,,,,,,,,,,,,,,,,,,,,,,,,
20241201,丽水,群星演唱会,所念皆星河,躺在凌晨五点半的海岸,城市动物园,边界,提词,闪光,和宇宙的温柔关联,云烟成雨,,,,,,,,,,,,,,,,,,,,,,,,,,
20241207,金华,群星演唱会,银河迪厅,是永不止息的海浪,真空,城市动物园,这是你想要的生活吗,下一次,和宇宙的温柔关联,云烟成雨,,,,,,,,,,,,,,,,,,,,,,,,,,
20241215,广州,音乐节,这是你想要的生活吗,和宇宙的温柔关联,是永不止息的海浪,城市动物园,时间简史,提词,此刻是不会再拥有的此刻了,下一次,云烟成雨,,,,,,,,,,,,,,,,,,,,,,,,,
20241231,温州,音乐节,银河迪厅,真空,简情歌,下一次,城市动物园,这是你想要的生活吗,提词,今夜的江滩公园没有烟花跨年,云烟成雨,,,,,,,,,,,,,,,,,,,,,,,,,
